Ticker,Quarter,Revenue,Net_Income,Cash_Reserves,Employee_Count,Profit_margin,Revenue_growth
002273.SZ,2024-12-31,1567963653.3,168310917.68,2061991141.69,8721.0,0.10734363473653616,
002273.SZ,2025-03-31,1482423331.04,220855927.31,1458024453.1,8721.0,0.1489830352002472,-0.05455504155339852
002273.SZ,2025-06-30,1538036446.03,279822685.77,1254594152.43,8721.0,0.18193501622948013,0.03751500251347539
002273.SZ,2025-12-31,1805285707.25,189110249.16,1330422216.08,8721.0,0.10475364004740972,0.17376003144127528
002273.SZ,2026-03-31,1720743708.12,246676113.11,1275932311.82,8721.0,0.1433543600630138,-0.04683026004719404
005930.KS,2024-09-30,,,,,,
005930.KS,2025-03-31,79140503000000.0,8028407000000.0,53161004000000.0,,0.10144498323443812,
005930.KS,2025-06-30,74566317000000.0,4934034000000.0,47120025000000.0,,0.06616974256620452,-0.05779829324562169
005930.KS,2025-09-30,86061747000000.0,12006461000000.0,53399483000000.0,,0.13950984518127432,0.15416384317331921
005930.KS,2025-12-31,93837371000000.0,19292054000000.0,57856378000000.0,,0.20559030793818808,0.09034936276624728
005930.KS,2026-03-31,133873444000000.0,47101190000000.0,73306751000000.0,,0.351833706466833,0.4266538221749627
1465.TW,2024-12-31,121734000.0,23707000.0,163451000.0,161.0,0.19474427850888001,
1465.TW,2025-03-31,83854000.0,34927000.0,171268000.0,161.0,0.4165215732105803,-0.311170256460808
1465.TW,2025-06-30,106141000.0,-109595000.0,60582000.0,161.0,-1.0325416191669572,0.265783385407971
1465.TW,2025-09-30,88430000.0,21330000.0,285168000.0,161.0,0.24120773493158432,-0.16686294645801336
1465.TW,2025-12-31,79210000.0,19603000.0,293336000.0,161.0,0.2474813786138114,-0.10426325907497458
300020.SZ,2025-12-31,43886959.57,-1245751535.1,230711578.21,300.0,-28.385459993258767,
300020.SZ,2026-03-31,51329213.67,-71139528.89,229938972.56,300.0,-1.385946204969401,0.16957780108074139
6RR.F,2024-09-30,,,,3140.0,,
6RR.F,2024-12-31,,,,3140.0,,
6RR.F,2025-03-31,160033000.0,62400000.0,139602000.0,3140.0,0.38991957908681335,
6RR.F,2025-06-30,165188000.0,-11366000.0,94345000.0,3140.0,-0.06880645083177955,0.03221210625308535
6RR.F,2025-09-30,173573000.0,-54051000.0,108422000.0,3140.0,-0.3114021189931614,0.05076034578782962
6RR.F,2025-12-31,194051000.0,-38782000.0,151231000.0,3140.0,-0.19985467737862728,0.11797917878932784
6RR.F,2026-03-31,189715000.0,38936000.0,123952000.0,3140.0,0.20523416704003372,-0.02234464135716896
6VY.F,2025-03-31,277792000.0,21148000.0,196852000.0,65500.0,0.07612890220020735,
6VY.F,2025-06-30,294086000.0,20047000.0,181916000.0,65500.0,0.06816713478370273,0.058655396843681595
6VY.F,2025-09-30,298713000.0,31375000.0,209981000.0,65500.0,0.10503392888826399,0.015733492923838632
6VY.F,2025-12-31,312956000.0,29705000.0,211676000.0,65500.0,0.09491749638926877,0.047681219096590954
6VY.F,2026-03-31,306266000.0,24332000.0,152265000.0,65500.0,0.07944727785650382,-0.02137680696327915
852.SG,2024-09-30,,,,,,
852.SG,2024-12-31,,,,,,
852.SG,2025-03-31,286357000.0,-54843000.0,136312000.0,,-0.19151967648774082,
852.SG,2025-06-30,343096000.0,-14313000.0,149449000.0,,-0.04171718702637163,0.19814078231019328
852.SG,2025-09-30,318772000.0,-19690000.0,130751000.0,,-0.06176828579674501,-0.07089560939212347
852.SG,2025-12-31,352236000.0,-428224000.0,128223000.0,,-1.2157303625978038,0.10497785250900327
852.SG,2026-03-31,265983000.0,-38786000.0,85488000.0,,-0.1458213494847415,-0.24487275576602052
AAPL,2025-03-31,95359000000.0,24780000000.0,28162000000.0,166000.0,0.25986010759341016,
AAPL,2025-06-30,94036000000.0,23434000000.0,36269000000.0,166000.0,0.24920243311072354,-0.01387388710032611
AAPL,2025-09-30,102466000000.0,27466000000.0,35934000000.0,166000.0,0.2680498897195167,0.08964651835467263
AAPL,2025-12-31,143756000000.0,42097000000.0,45317000000.0,166000.0,0.292836472912435,0.40296293404641537
AAPL,2026-03-31,111184000000.0,29578000000.0,45572000000.0,166000.0,0.2660274859692042,-0.2265783689028632
ABNB,2024-09-30,,,,8200.0,,
ABNB,2024-12-31,,,,8200.0,,
ABNB,2025-03-31,2272000000.0,154000000.0,7600000000.0,8200.0,0.06778169014084508,
ABNB,2025-06-30,3096000000.0,642000000.0,7402000000.0,8200.0,0.20736434108527133,0.36267605633802824
ABNB,2025-09-30,4095000000.0,1374000000.0,7528000000.0,8200.0,0.3355311355311355,0.32267441860465107
ABNB,2025-12-31,2778000000.0,341000000.0,6560000000.0,8200.0,0.12275017998560116,-0.3216117216117216
ABNB,2026-03-31,2678000000.0,160000000.0,7037000000.0,8200.0,0.05974607916355489,-0.035997120230381596
ABSI,2024-09-30,,,,140.0,,
ABSI,2024-12-31,,,,140.0,,
ABSI,2025-03-31,1179000.0,-26346000.0,46995000.0,140.0,-22.346055979643765,
ABSI,2025-06-30,593000.0,-30569000.0,38024000.0,140.0,-51.54974704890388,-0.49703138252756573
ABSI,2025-09-30,378000.0,-28706000.0,9476000.0,140.0,-75.94179894179894,-0.3625632377740303
ABSI,2025-12-31,650000.0,-29562000.0,20025000.0,140.0,-45.48,0.7195767195767195
ABSI,2026-03-31,215000.0,-29599000.0,8627000.0,140.0,-137.66976744186047,-0.6692307692307693
ADBE,2024-11-30,,,,31360.0,,
ADBE,2025-02-28,5714000000.0,1811000000.0,6758000000.0,31360.0,0.3169408470423521,
ADBE,2025-05-31,5873000000.0,1691000000.0,4931000000.0,31360.0,0.2879278052102843,0.02782639131956599
ADBE,2025-08-31,5988000000.0,1772000000.0,4982000000.0,31360.0,0.2959251837007348,0.019581134003064937
ADBE,2025-11-30,6194000000.0,1856000000.0,5431000000.0,31360.0,0.29964481756538586,0.034402137608550376
ADBE,2026-02-28,6398000000.0,1889000000.0,6332000000.0,31360.0,0.2952485151609878,0.03293509848240239
ADI,2024-10-31,,,,24500.0,,
ADI,2025-01-31,,,,24500.0,,
ADI,2025-04-30,2640068000.0,569770000.0,2376235000.0,24500.0,0.21581641078941907,
ADI,2025-07-31,2880348000.0,518518000.0,2321191000.0,24500.0,0.18001921989981767,0.09101280724587402
ADI,2025-10-31,3076117000.0,787738000.0,2499406000.0,24500.0,0.25608193706546273,0.06796713452680025
ADI,2026-01-31,3160263000.0,830826000.0,2905860000.0,24500.0,0.26289773984000697,0.02735461622558577
ADI,2026-04-30,3623465000.0,1176350000.0,2436916000.0,24500.0,0.3246478163856971,0.14657071262739851
ADPT,2024-12-31,,,,624.0,,
ADPT,2025-03-31,52443000.0,-29852000.0,50646000.0,624.0,-0.5692275422840036,
ADPT,2025-06-30,58879000.0,-25614000.0,43163000.0,624.0,-0.4350277688140084,0.1227237190854833
ADPT,2025-09-30,93973000.0,9546000.0,55034000.0,624.0,0.10158236940397773,0.5960359381103619
ADPT,2025-12-31,71681000.0,-13579000.0,70495000.0,624.0,-0.1894365312983915,-0.23721707298905004
ADPT,2026-03-31,70874000.0,-20033000.0,77581000.0,624.0,-0.2826565454186302,-0.011258213473584355
AFRM,2025-03-31,783134000.0,2804000.0,1351148000.0,2206.0,0.0035804855873962822,
AFRM,2025-06-30,876417000.0,69244000.0,1354455000.0,2206.0,0.0790080521030514,0.11911499181493834
AFRM,2025-09-30,933337000.0,80694000.0,1428848000.0,2206.0,0.08645751748832416,0.06494625275411137
AFRM,2025-12-31,1123020000.0,129586000.0,1527880000.0,2206.0,0.11539064308738936,0.20323098730683564
AFRM,2026-03-31,1038765000.0,102900000.0,1723413000.0,2206.0,0.09905994137268775,-0.07502537799861086
AKAM,2024-09-30,,,,11419.0,,
AKAM,2024-12-31,,,,11419.0,,
AKAM,2025-03-31,1015139000.0,123171000.0,1097026000.0,11419.0,0.12133412271619945,
AKAM,2025-06-30,1043494000.0,103618000.0,850302000.0,11419.0,0.09929908557212595,0.027932135402146896
AKAM,2025-09-30,1054630000.0,140170000.0,927933000.0,11419.0,0.13290917193707746,0.010671839033094654
AKAM,2025-12-31,1094912000.0,85072000.0,930231000.0,11419.0,0.07769756838905775,0.03819538605956585
AKAM,2026-03-31,1073610000.0,106319000.0,622383000.0,11419.0,0.09902944272128612,-0.01945544482113626
AMPL,2024-12-31,,,,818.0,,
AMPL,2025-03-31,79953000.0,-22231000.0,131173000.0,818.0,-0.2780508548772404,
AMPL,2025-06-30,83270000.0,-24668000.0,119656000.0,818.0,-0.29624114326888434,0.041486873538203684
AMPL,2025-09-30,88564000.0,-23986000.0,82217000.0,818.0,-0.2708323923942008,0.06357631800168129
AMPL,2025-12-31,91426000.0,-17656000.0,81119000.0,818.0,-0.1931179314418218,0.032315613567589496
AMPL,2026-03-31,93492000.0,-23274000.0,86590000.0,818.0,-0.2489410858683096,0.022597510554984268
AMZN,2025-03-31,155667000000.0,17127000000.0,66207000000.0,1575000.0,0.1100233190078822,
AMZN,2025-06-30,167702000000.0,18164000000.0,57741000000.0,1575000.0,0.10831117100571251,0.07731246828165239
AMZN,2025-09-30,180169000000.0,21187000000.0,66922000000.0,1575000.0,0.11759514677885763,0.07434019868576414
AMZN,2025-12-31,213386000000.0,21192000000.0,86810000000.0,1575000.0,0.0993129821075422,0.18436578989726304
AMZN,2026-03-31,181519000000.0,30255000000.0,101816000000.0,1575000.0,0.16667676661947234,-0.14933969426297877
AOS.F,2024-09-30,,,,26969.0,,
AOS.F,2024-12-31,,,,26969.0,,
AOS.F,2025-03-31,1128203000.0,163243000.0,247390000.0,26969.0,0.1446929320343945,
AOS.F,2025-06-30,1144437000.0,154001000.0,267312000.0,26969.0,0.13456485590731512,0.014389254416093511
AOS.F,2025-09-30,1150218000.0,96327000.0,324999000.0,26969.0,0.083746733227962,0.005051392081870887
AOS.F,2025-12-31,1155939000.0,157566000.0,247875000.0,26969.0,0.13630996099275136,0.004973839741683861
AOS.F,2026-03-31,1171979000.0,137815000.0,214495000.0,26969.0,0.11759169746215589,0.013876164745717512
APP,2024-09-30,,,,876.0,,
APP,2025-03-31,1158974000.0,576419000.0,551024000.0,876.0,0.4973528310384875,
APP,2025-06-30,1258754000.0,819531000.0,1192608000.0,876.0,0.6510652597727594,0.08609338949795253
APP,2025-09-30,1405045000.0,835545000.0,1666899000.0,876.0,0.5946749036507728,0.11621889582873224
APP,2025-12-31,1657944000.0,1102269000.0,2487096000.0,876.0,0.6648409113938709,0.17999352333911012
APP,2026-03-31,1842449000.0,1205613000.0,2758671000.0,876.0,0.654353526203439,0.11128542339186365
APPF,2024-12-31,,,,1702.0,,
APPF,2025-03-31,217702000.0,31383000.0,56933000.0,1702.0,0.1441557725698432,
APPF,2025-06-30,235575000.0,35980000.0,73478000.0,1702.0,0.15273267536877852,0.08209846487400219
APPF,2025-09-30,249353000.0,33646000.0,76093000.0,1702.0,0.13493320714007853,0.058486681523930883
APPF,2025-12-31,248192000.0,39914000.0,106967000.0,1702.0,0.16081904332129965,-0.0046560498570299425
APPF,2026-03-31,262214000.0,42424000.0,147412000.0,1702.0,0.16179151380170395,0.056496583290355895
ASAN,2025-04-30,187267000.0,-40018000.0,193791000.0,1767.0,-0.2136948848435656,
ASAN,2025-07-31,196936000.0,-48360000.0,184146000.0,1767.0,-0.24556200999309422,0.05163216156610617
ASAN,2025-10-31,201033000.0,-68433000.0,183470000.0,1767.0,-0.34040679888376535,0.020803712881342085
ASAN,2026-01-31,205570000.0,-32213000.0,199835000.0,1767.0,-0.15670088047866906,0.022568434038192642
ASAN,2026-04-30,205095000.0,-14405000.0,193656000.0,1767.0,-0.07023574441112655,-0.0023106484409203265
B2LN34.SA,2024-12-31,,,,1850.0,,
B2LN34.SA,2025-03-31,166931000.0,6055000.0,479536000.0,1850.0,0.036272471859630624,
B2LN34.SA,2025-06-30,172025000.0,8292000.0,459141000.0,1850.0,0.048202296177881125,0.03051560225482386
B2LN34.SA,2025-09-30,178290000.0,5285000.0,419900000.0,1850.0,0.029642716921868865,0.03641912512716172
B2LN34.SA,2025-12-31,183181000.0,4886000.0,390034000.0,1850.0,0.026673071988907147,0.027432834146615015
B2LN34.SA,2026-03-31,183155000.0,8126000.0,242041000.0,1850.0,0.044366793153340064,-0.00014193611782886695
B39.F,2024-09-30,,,,1121.0,,
B39.F,2024-12-31,2089000000.0,28000000.0,432000000.0,1121.0,0.013403542364767831,
B39.F,2025-03-31,1904000000.0,11000000.0,254000000.0,1121.0,0.005777310924369748,-0.0885591191957874
B39.F,2025-06-30,1983000000.0,5000000.0,185000000.0,1121.0,0.0025214321734745334,0.04149159663865554
B39.F,2025-12-31,2118000000.0,15000000.0,321000000.0,1121.0,0.007082152974504249,0.0680786686838124
B39.F,2026-03-31,1994000000.0,28000000.0,294000000.0,1121.0,0.014042126379137413,-0.05854579792256842
BARK,2024-12-31,126449000.0,-11509000.0,115259000.0,691.0,-0.09101693172741579,
BARK,2025-03-31,115410000.0,-6067000.0,94022000.0,691.0,-0.052569101464344514,-0.08730001818915134
BARK,2025-06-30,102861000.0,-7030000.0,84665000.0,691.0,-0.06834465929749857,-0.10873407850272943
BARK,2025-09-30,106970000.0,-10672000.0,63427000.0,691.0,-0.09976628961391044,0.039947113094370046
BARK,2025-12-31,98447000.0,-8646000.0,21683000.0,691.0,-0.08782390524850935,-0.07967654482565201
BI1.DU,2024-09-30,,,,,,
BI1.DU,2024-12-31,,,,,,
BI1.DU,2025-03-31,82370000.0,-353000.0,52084000.0,,-0.004285540852252034,
BI1.DU,2025-06-30,84433000.0,-8382000.0,46265000.0,,-0.09927398055262752,0.025045526283841157
BI1.DU,2025-09-30,86029000.0,-2243000.0,49912000.0,,-0.026072603424426646,0.01890256179455907
BI1.DU,2025-12-31,89517000.0,-8364000.0,44258000.0,,-0.09343476658064949,0.040544467563263575
BI1.DU,2026-03-31,86842000.0,3729000.0,57204000.0,,0.042940052048547936,-0.02988259213333777
BIRD,2024-09-30,,,,362.0,,
BIRD,2024-12-31,,,,362.0,,
BIRD,2025-03-31,32114000.0,-21875000.0,39056000.0,362.0,-0.6811670922339167,
BIRD,2025-06-30,39685000.0,-15501000.0,33144000.0,362.0,-0.3906009827390702,0.23575387681385074
BIRD,2025-09-30,32989000.0,-20324000.0,23704000.0,362.0,-0.6160841492618752,-0.16872873881819328
BIRD,2025-12-31,47679000.0,-19583000.0,26690000.0,362.0,-0.4107258960968141,0.44529994846767096
BIRD,2026-03-31,22319000.0,-20724000.0,14397000.0,362.0,-0.9285362247412519,-0.531890350049288
BKKT,2024-09-30,,,,48.0,,
BKKT,2024-12-31,,,,48.0,,
BKKT,2025-03-31,1065756000.0,7710000.0,23010000.0,48.0,0.0072343012847218315,
BKKT,2025-06-30,577882000.0,-14734000.0,43493000.0,48.0,-0.02549655465994788,-0.4577726984412942
BKKT,2025-09-30,402211000.0,-14918000.0,58319000.0,48.0,-0.03708998510731929,-0.3039911262160787
BKKT,2025-12-31,299173000.0,-85270000.0,26962000.0,48.0,-0.2850190358087127,-0.2561789707392389
BKKT,2026-03-31,243593000.0,-11650000.0,79984000.0,48.0,-0.047825676435693965,-0.1857787968834086
BMBL,2024-12-31,,,,580.0,,
BMBL,2025-03-31,247101000.0,13444000.0,202243000.0,580.0,0.054406902440702384,
BMBL,2025-06-30,248229000.0,-253744000.0,261739000.0,580.0,-1.022217387976425,0.004564934986098779
BMBL,2025-09-30,246163000.0,37338000.0,307883000.0,580.0,0.15167998440058011,-0.008322959847560152
BMBL,2025-12-31,224165000.0,-490176000.0,175760000.0,580.0,-2.1866749938661254,-0.08936355179291766
BMBL,2026-03-31,212383000.0,45211000.0,245589000.0,580.0,0.21287485344872237,-0.052559498583632625
BMRN,2024-12-31,,,,3221.0,,
BMRN,2025-03-31,745145000.0,185686000.0,1048803000.0,3221.0,0.24919445208650665,
BMRN,2025-06-30,825410000.0,240532000.0,1213816000.0,3221.0,0.29140911789292595,0.10771728992343776
BMRN,2025-09-30,776133000.0,-30744000.0,1250108000.0,3221.0,-0.03961176757076429,-0.059700027864939886
BMRN,2025-12-31,874565000.0,-46573000.0,1311679000.0,3221.0,-0.05325275994351478,0.12682362430150507
BMRN,2026-03-31,766208000.0,105527000.0,2222435000.0,3221.0,0.1377263093050451,-0.12389816651706853
BNK.F,2024-12-31,,,,2800.0,,
BNK.F,2025-03-31,269936000.0,4323000.0,37243000.0,2800.0,0.016014907237271055,
BNK.F,2025-06-30,281382000.0,25980000.0,41566000.0,2800.0,0.09232999978676674,0.04240264358959167
BNK.F,2025-09-30,281143000.0,47492000.0,38255000.0,2800.0,0.1689247109122404,-0.0008493791358367142
BNK.F,2025-12-31,295256000.0,36689000.0,38914000.0,2800.0,0.12426165768011488,0.050198653354342815
BNK.F,2026-03-31,281140000.0,31139000.0,34096000.0,2800.0,0.11075976381873799,-0.04780935865824909
BYND,2024-09-30,,,,589.0,,
BYND,2024-12-31,,,,589.0,,
BYND,2025-03-31,68731000.0,-61087000.0,102143000.0,589.0,-0.8887838093436732,
BYND,2025-06-30,74958000.0,-29242000.0,103497000.0,589.0,-0.3901117959390592,0.09059958388500089
BYND,2025-09-30,70218000.0,-110688000.0,117296000.0,589.0,-1.5763479449713749,-0.0632354118306252
BYND,2025-12-31,61589000.0,370858000.0,203890000.0,589.0,6.021497345305169,-0.12288871799253753
BYND,2026-03-31,58206000.0,-28482000.0,191005000.0,589.0,-0.48933099680445313,-0.054928639854519457
BZFD,2024-09-30,,,,507.0,,
BZFD,2024-12-31,,,,507.0,,
BZFD,2025-03-31,36021000.0,-12671000.0,34326000.0,507.0,-0.35176702479109406,
BZFD,2025-06-30,46394000.0,-10820000.0,29706000.0,507.0,-0.2332198129068414,0.28797090586047025
BZFD,2025-09-30,46317000.0,-7435000.0,34292000.0,507.0,-0.16052421357169075,-0.0016596973746605403
BZFD,2025-12-31,56534000.0,-26798000.0,8465000.0,507.0,-0.47401563660805884,0.2205885527991882
BZFD,2026-03-31,31572000.0,-15081000.0,6846000.0,507.0,-0.4776700874192322,-0.4415396044857962
CARG,2024-09-30,,,,1218.0,,
CARG,2024-12-31,,,,1218.0,,
CARG,2025-03-31,212235000.0,39045000.0,172862000.0,1218.0,0.18397059862887838,
CARG,2025-06-30,234033000.0,22343000.0,231233000.0,1218.0,0.09546944234360112,0.10270690508163116
CARG,2025-09-30,238696000.0,44717000.0,178834000.0,1218.0,0.18733870697456179,0.019924540556246262
CARG,2025-12-31,209093000.0,49798000.0,190518000.0,1218.0,0.23816196620642488,-0.12401967355967425
CARG,2026-03-31,243555000.0,32228000.0,72049000.0,1218.0,0.13232329453306235,0.16481661270343828
CART,2024-12-31,,,,3600.0,,
CART,2025-03-31,897000000.0,106000000.0,1558000000.0,3600.0,0.11817168338907469,
CART,2025-06-30,914000000.0,116000000.0,1489000000.0,3600.0,0.12691466083150985,0.018952062430323213
CART,2025-09-30,939000000.0,144000000.0,1690000000.0,3600.0,0.15335463258785942,0.027352297592997843
CART,2025-12-31,992000000.0,81000000.0,637000000.0,3600.0,0.08165322580645161,0.056443024494142735
CART,2026-03-31,1019000000.0,144000000.0,631000000.0,3600.0,0.14131501472031405,0.027217741935483764
CDLX,2024-09-30,,,,275.0,,
CDLX,2024-12-31,,,,275.0,,
CDLX,2025-03-31,56435000.0,-13282000.0,52046000.0,275.0,-0.23535040311863206,
CDLX,2025-06-30,63249000.0,-9283000.0,46745000.0,275.0,-0.14676911887934987,0.12074067511296183
CDLX,2025-09-30,52031000.0,-72673000.0,43961000.0,275.0,-1.3967250293094502,-0.1773624879444734
CDLX,2025-12-31,56095000.0,-8250000.0,48719000.0,275.0,-0.14707193154470094,0.0781072821971518
CDLX,2026-03-31,34319000.0,-4480000.0,35673000.0,275.0,-0.13053993414726536,-0.3881985916748373
CHGG.MX,2024-09-30,,,,564.0,,
CHGG.MX,2024-12-31,,,,564.0,,
CHGG.MX,2025-03-31,121387000.0,-17484000.0,44105000.0,564.0,-0.14403519322497466,
CHGG.MX,2025-06-30,105120000.0,-35663000.0,36825000.0,564.0,-0.33925989345509894,-0.13400940792671379
CHGG.MX,2025-09-30,77742000.0,-17471000.0,38180000.0,564.0,-0.22473051889583495,-0.26044520547945205
CHGG.MX,2025-12-31,72659000.0,-32803000.0,31146000.0,564.0,-0.4514650628277295,-0.0653829332921716
CHGG.MX,2026-03-31,63262000.0,228000.0,33526000.0,564.0,0.0036040593089058204,-0.1293301586864669
CHWY,2024-10-31,,,,18000.0,,
CHWY,2025-01-31,3247386000.0,22792000.0,595800000.0,18000.0,0.007018568165287404,
CHWY,2025-04-30,3116000000.0,62400000.0,616400000.0,18000.0,0.020025673940949937,-0.040459003025818285
CHWY,2025-07-31,3104200000.0,62000000.0,591800000.0,18000.0,0.01997293988789382,-0.003786906290115577
CHWY,2025-10-31,3116600000.0,59200000.0,675400000.0,18000.0,0.018995058717833538,0.0039945879775786786
CHWY,2026-01-31,3264700000.0,39200000.0,860100000.0,18000.0,0.012007228841853769,0.047519733042417966
CMPS,2025-03-31,0.0,-17864000.0,260110000.0,156.0,-inf,
CMPS,2025-06-30,0.0,-38403000.0,221881000.0,156.0,-inf,
CMPS,2025-09-30,0.0,-137717000.0,185937000.0,156.0,-inf,
CMPS,2025-12-31,0.0,-93878000.0,149608000.0,156.0,-inf,
CMPS,2026-03-31,0.0,91202000.0,466010000.0,156.0,inf,
CNET,2024-09-30,,,,13.0,,
CNET,2024-12-31,,,,13.0,,
CNET,2025-03-31,1652000.0,-531000.0,807000.0,13.0,-0.32142857142857145,
CNET,2025-06-30,548000.0,-637000.0,1706000.0,13.0,-1.1624087591240877,-0.6682808716707022
CNET,2025-09-30,1717000.0,-108000.0,1761000.0,13.0,-0.0629004076878276,2.133211678832117
CNET,2025-12-31,697000.0,-494000.0,970000.0,13.0,-0.7087517934002869,-0.594059405940594
CNET,2026-03-31,383000.0,126000.0,720000.0,13.0,0.3289817232375979,-0.4505021520803444
COF,2024-12-31,,,,77100.0,,
COF,2025-03-31,10000000000.0,1404000000.0,48573000000.0,77100.0,0.1404,
COF,2025-06-30,12577000000.0,-4277000000.0,59109000000.0,77100.0,-0.3400651983779916,0.25770000000000004
COF,2025-09-30,15464000000.0,3192000000.0,55279000000.0,77100.0,0.20641489912053804,0.22954599666057085
COF,2025-12-31,15393000000.0,2134000000.0,57434000000.0,77100.0,0.1386344442278958,-0.004591308846352837
COF,2026-03-31,15231000000.0,2174000000.0,76494000000.0,77100.0,0.14273521108266035,-0.010524264275969641
COHR,2024-12-31,,,,30216.0,,
COHR,2025-03-31,1497879000.0,15711000.0,890258000.0,30216.0,0.010488831207327161,
COHR,2025-06-30,1529436000.0,-95619000.0,909200000.0,30216.0,-0.0625191246969471,0.0210677898548548
COHR,2025-09-30,1581378000.0,226349000.0,852778000.0,30216.0,0.14313402614681625,0.03396153876330876
COHR,2025-12-31,1685629000.0,146717000.0,863739000.0,30216.0,0.08703991210402763,0.06592414969728932
COHR,2026-03-31,1805641000.0,191402000.0,1592730000.0,30216.0,0.10600224518605858,0.07119716141570898
COIN,2024-09-30,,,,4951.0,,
COIN,2024-12-31,,,,4951.0,,
COIN,2025-03-31,2034295000.0,65608000.0,8051169000.0,4951.0,0.0322509763824814,
COIN,2025-06-30,1497208000.0,1428900000.0,7539388000.0,4951.0,0.9543764126293741,-0.26401628082456086
COIN,2025-09-30,1868693000.0,432552000.0,8676275000.0,4951.0,0.23147301349124763,0.2481184978974198
COIN,2025-12-31,1781129000.0,-666733000.0,11285452000.0,4951.0,-0.3743316738989708,-0.0468584192267002
COIN,2026-03-31,1412982000.0,-394117000.0,10205022000.0,4951.0,-0.2789257046445036,-0.20669305816703898
CRGO,2024-09-30,,,,382.0,,
CRGO,2024-12-31,,,,382.0,,
CRGO,2025-03-31,6945000.0,-4499000.0,36437000.0,382.0,-0.6478041756659467,
CRGO,2025-06-30,7438000.0,-4278000.0,19981000.0,382.0,-0.5751546114546922,0.07098632109431247
CRGO,2025-09-30,7672000.0,-4962000.0,16290000.0,382.0,-0.6467674661105318,0.031460069911266375
CRGO,2025-12-31,7405000.0,-3777000.0,13347000.0,382.0,-0.5100607697501688,-0.03480187695516168
CRGO,2026-03-31,7156000.0,-6461000.0,8763000.0,382.0,-0.9028787031861375,-0.03362592842673873
CRM,2025-04-30,9829000000.0,1541000000.0,10928000000.0,83334.0,0.1567809543188524,
CRM,2025-07-31,10236000000.0,1887000000.0,10365000000.0,83334.0,0.1843493552168816,0.04140807813612768
CRM,2025-10-31,10259000000.0,2086000000.0,8978000000.0,83334.0,0.20333365825129154,0.002246971473231829
CRM,2026-01-31,11201000000.0,1943000000.0,7327000000.0,83334.0,0.1734666547629676,0.09182181499171449
CRM,2026-04-30,11133000000.0,2107000000.0,8935000000.0,83334.0,0.1892571633881254,-0.006070886527988595
CSCO,2025-04-30,14149000000.0,2491000000.0,8161000000.0,86200.0,0.17605484486536152,
CSCO,2025-07-31,14673000000.0,2550000000.0,8346000000.0,86200.0,0.17378859129012472,0.03703441939359675
CSCO,2025-10-31,14883000000.0,2860000000.0,8400000000.0,86200.0,0.19216555801921656,0.014312001635657268
CSCO,2026-01-31,15349000000.0,3175000000.0,7458000000.0,86200.0,0.20685386670141379,0.03131089162131295
CSCO,2026-04-30,15841000000.0,3373000000.0,7083000000.0,86200.0,0.2129284767375797,0.03205420548569937
CUE,2024-09-30,,,,29.0,,
CUE,2024-12-31,,,,29.0,,
CUE,2025-03-31,421000.0,-12257000.0,13136000.0,29.0,-29.114014251781473,
CUE,2025-06-30,2954000.0,-8482000.0,27492000.0,29.0,-2.8713608666215302,6.016627078384798
CUE,2025-09-30,2149000.0,-7448000.0,11701000.0,29.0,-3.465798045602606,-0.2725118483412322
CUE,2025-12-31,21942000.0,1585000.0,27136000.0,29.0,0.0722358946313007,9.210330386226152
CUE,2026-03-31,5686000.0,-5178000.0,16379000.0,29.0,-0.9106577558916638,-0.7408622732658827
CVNA,2024-09-30,,,,23100.0,,
CVNA,2024-12-31,,,,23100.0,,
CVNA,2025-03-31,4232000000.0,216000000.0,1858000000.0,23100.0,0.05103969754253308,
CVNA,2025-06-30,4840000000.0,183000000.0,1857000000.0,23100.0,0.037809917355371904,0.14366729678638945
CVNA,2025-09-30,5647000000.0,151000000.0,2142000000.0,23100.0,0.026739861873561182,0.16673553719008272
CVNA,2025-12-31,5603000000.0,857000000.0,2327000000.0,23100.0,0.15295377476351954,-0.007791747830706575
CVNA,2026-03-31,6432000000.0,250000000.0,2410000000.0,23100.0,0.038868159203980096,0.14795645190076745
CWXZF,2024-09-30,,,,,,
CWXZF,2024-12-31,,,,,,
CWXZF,2025-03-31,793248000.0,23558000.0,18332000.0,,0.02969815240630925,
CWXZF,2025-06-30,886719000.0,27682000.0,15209000.0,,0.03121845815867259,0.1178332627375045
CWXZF,2025-09-30,795092000.0,18060000.0,15299000.0,,0.022714352552912116,-0.10333262284895217
CWXZF,2025-12-31,644228000.0,11000000.0,4932000.0,,0.017074700261398137,-0.1897440799303728
CWXZF,2026-03-31,761969000.0,23924000.0,2352000.0,,0.0313976027896148,0.1827629348615707
CXM,2024-10-31,,,,3258.0,,
CXM,2025-01-31,202539000.0,98679000.0,145270000.0,3258.0,0.4872098706915705,
CXM,2025-04-30,205500000.0,-1568000.0,126421000.0,3258.0,-0.007630170316301703,0.014619406632796705
CXM,2025-07-31,212040000.0,12615000.0,125365000.0,3258.0,0.05949349179400113,0.03182481751824828
CXM,2025-10-31,219068000.0,2904000.0,189591000.0,3258.0,0.01325615790530794,0.03314468968119222
CXM,2026-01-31,220592000.0,8954000.0,162969000.0,3258.0,0.040590773917458474,0.00695674402468649
DASH,2025-03-31,3032000000.0,193000000.0,4500000000.0,31400.0,0.06365435356200527,
DASH,2025-06-30,3284000000.0,285000000.0,3911000000.0,31400.0,0.08678440925700365,0.08311345646437984
DASH,2025-09-30,3446000000.0,244000000.0,3279000000.0,31400.0,0.07080673244341265,0.049330085261875656
DASH,2025-12-31,3955000000.0,213000000.0,4378000000.0,31400.0,0.0538558786346397,0.14770748694138125
DASH,2026-03-31,4036000000.0,184000000.0,4575000000.0,31400.0,0.04558969276511397,0.020480404551201037
DBX,2024-09-30,,,,2113.0,,
DBX,2024-12-31,,,,2113.0,,
DBX,2025-03-31,624700000.0,150300000.0,942200000.0,2113.0,0.24059548583319992,
DBX,2025-06-30,625700000.0,125600000.0,736300000.0,2113.0,0.20073517660220552,0.0016007683688170626
DBX,2025-09-30,634400000.0,123800000.0,730700000.0,2113.0,0.19514501891551073,0.013904427041713241
DBX,2025-12-31,636200000.0,108700000.0,891300000.0,2113.0,0.17085822068531908,0.0028373266078183246
DBX,2026-03-31,629500000.0,114500000.0,1207400000.0,2113.0,0.181890389197776,-0.010531279471864163
DELL,2024-10-31,,,,97000.0,,
DELL,2025-01-31,23931000000.0,1654000000.0,3633000000.0,97000.0,0.0691153733650913,
DELL,2025-04-30,23378000000.0,965000000.0,7700000000.0,97000.0,0.04127812473265463,-0.02310810246124273
DELL,2025-07-31,29776000000.0,1164000000.0,8145000000.0,97000.0,0.03909188608275121,0.27367610574043977
DELL,2025-10-31,27005000000.0,1548000000.0,9569000000.0,97000.0,0.05732271801518237,-0.0930615260612574
DELL,2026-01-31,33379000000.0,2259000000.0,11528000000.0,97000.0,0.06767728212349082,0.23603036474726902
DH,2025-03-31,59191000.0,-107228000.0,106099000.0,678.0,-1.8115591897416836,
DH,2025-06-30,60750000.0,-7551000.0,80984000.0,678.0,-0.1242962962962963,0.026338463617779695
DH,2025-09-30,60046000.0,-14838000.0,108317000.0,678.0,-0.24711054857942244,-0.011588477366255123
DH,2025-12-31,61534000.0,-9315000.0,163627000.0,678.0,-0.1513797250300647,0.024781001232388578
DH,2026-03-31,55929000.0,-138621000.0,157648000.0,678.0,-2.478517405996889,-0.09108785386940554
DKNG,2024-12-31,,,,5500.0,,
DKNG,2025-03-31,1408806000.0,-33864000.0,1119740000.0,5500.0,-0.02403737633144663,
DKNG,2025-06-30,1512507000.0,157936000.0,1261969000.0,5500.0,0.10442001260159457,0.07360914135800112
DKNG,2025-09-30,1144019000.0,-256788000.0,1228275000.0,5500.0,-0.22446130702374698,-0.24362730222075002
DKNG,2025-12-31,1989193000.0,136426000.0,1127545000.0,5500.0,0.06858359143632618,0.7387761916541595
DKNG,2026-03-31,1646076000.0,21070000.0,999404000.0,5500.0,0.012800138025218762,-0.1724905527015227
DOCN,2024-09-30,,,,1462.0,,
DOCN,2024-12-31,,,,1462.0,,
DOCN,2025-03-31,210703000.0,38204000.0,360421000.0,1462.0,0.18131682985054792,
DOCN,2025-06-30,218700000.0,37027000.0,387745000.0,1462.0,0.16930498399634203,0.03795389719178188
DOCN,2025-09-30,229634000.0,158371000.0,236561000.0,1462.0,0.6896670353693268,0.049995427526291714
DOCN,2025-12-31,242390000.0,25660000.0,254475000.0,1462.0,0.10586245307149635,0.05554926535269167
DOCN,2026-03-31,257905000.0,15771000.0,741363000.0,1462.0,0.061150423605591205,0.06400841618878661
DOCS,2025-03-31,138288000.0,62458000.0,209614000.0,880.0,0.4516516255929654,
DOCS,2025-06-30,145913000.0,53320000.0,137261000.0,880.0,0.3654232316517377,0.055138551428902005
DOCS,2025-09-30,168525000.0,62059000.0,169249000.0,880.0,0.3682480344162587,0.15496905690377138
DOCS,2025-12-31,185053000.0,61558000.0,64838000.0,880.0,0.33265064603113703,0.09807446966325473
DOCS,2026-03-31,145372000.0,19114000.0,219178000.0,880.0,0.13148336681066505,-0.21443046046267822
DOCU,2025-01-31,776252000.0,83491000.0,648623000.0,7044.0,0.1075565666819538,
DOCU,2025-04-30,763654000.0,72087000.0,657399000.0,7044.0,0.09439746272526563,-0.01622926575390471
DOCU,2025-07-31,800636000.0,62970000.0,599986000.0,7044.0,0.07864997327124935,0.04842769107475364
DOCU,2025-10-31,818350000.0,83725000.0,583291000.0,7044.0,0.10230952526425123,0.022124910695996647
DOCU,2026-01-31,836860000.0,90303000.0,602442000.0,7044.0,0.10790693783906508,0.022618683937190687
DOMO,2024-10-31,,,,876.0,,
DOMO,2025-01-31,78770000.0,-17677000.0,30208000.0,876.0,-0.22441284753078583,
DOMO,2025-04-30,80111000.0,-18052000.0,47180000.0,876.0,-0.225337344434597,0.01702424781007994
DOMO,2025-07-31,79718000.0,-22932000.0,47143000.0,876.0,-0.2876640156551845,-0.004905693350476192
DOMO,2025-10-31,79403000.0,-10388000.0,35429000.0,876.0,-0.13082629119806558,-0.003951428786472366
DOMO,2026-01-31,79625000.0,-7970000.0,37460000.0,876.0,-0.10009419152276296,0.0027958641361156555
DSP,2024-09-30,,,,408.0,,
DSP,2024-12-31,,,,408.0,,
DSP,2025-03-31,70642000.0,-1190000.0,173878000.0,408.0,-0.016845502675462188,
DSP,2025-06-30,77853000.0,290000.0,172816000.0,408.0,0.003724968851553569,0.10207808385946038
DSP,2025-09-30,85582000.0,996000.0,161286000.0,408.0,0.011637961253534623,0.09927684225399158
DSP,2025-12-31,110124000.0,8256000.0,191151000.0,408.0,0.07497003378010243,0.2867659087191232
DSP,2026-03-31,88538000.0,-455000.0,185687000.0,408.0,-0.005139036345975739,-0.19601540082089286
EA,2025-03-31,1895000000.0,254000000.0,2136000000.0,14600.0,0.13403693931398417,
EA,2025-06-30,1671000000.0,201000000.0,1518000000.0,14600.0,0.12028725314183124,-0.11820580474934039
EA,2025-09-30,1839000000.0,137000000.0,1148000000.0,14600.0,0.07449700924415444,0.10053859964093359
EA,2025-12-31,1901000000.0,88000000.0,2784000000.0,14600.0,0.046291425565491845,0.033713974986405715
EA,2026-03-31,2120000000.0,461000000.0,2864000000.0,14600.0,0.21745283018867925,0.11520252498684913
EBAY,2025-03-31,2585000000.0,499000000.0,3031000000.0,12300.0,0.193036750483559,
EBAY,2025-06-30,2730000000.0,368000000.0,2070000000.0,12300.0,0.1347985347985348,0.05609284332688591
EBAY,2025-09-30,2820000000.0,632000000.0,2423000000.0,12300.0,0.22411347517730495,0.03296703296703307
EBAY,2025-12-31,2965000000.0,528000000.0,1867000000.0,12300.0,0.17807757166947724,0.05141843971631199
EBAY,2026-03-31,3089000000.0,512000000.0,2894000000.0,12300.0,0.16574943347361606,0.04182124789207431
EFT0.F,2025-03-31,103887000.0,-523388000.0,78656000.0,1850.0,-5.038050959215301,
EFT0.F,2025-06-30,119943000.0,-398662000.0,61732000.0,1850.0,-3.3237621203404952,0.15455254266655105
EFT0.F,2025-09-30,122286000.0,-76778000.0,46301000.0,1850.0,-0.6278560096822203,0.019534278782421755
EFT0.F,2025-12-31,140675000.0,-9478000.0,40626000.0,1850.0,-0.06737515550026657,0.15037698510050213
EFT0.F,2026-03-31,106048000.0,-70781000.0,47711000.0,1850.0,-0.6674430446590224,-0.24614892482672823
EGHT,2024-12-31,,,,1819.0,,
EGHT,2025-03-31,177043000.0,-5401000.0,88050000.0,1819.0,-0.03050671305840954,
EGHT,2025-06-30,181361000.0,-4315000.0,81315000.0,1819.0,-0.023792325803232227,0.02438955507983942
EGHT,2025-09-30,184095000.0,767000.0,75872000.0,1819.0,0.004166327168038241,0.015074905850761766
EGHT,2025-12-31,185050000.0,5090000.0,86882000.0,1819.0,0.027506079437989734,0.005187539042342371
EGHT,2026-03-31,185246000.0,106000.0,93260000.0,1819.0,0.000572212085551105,0.0010591731964333384
ENPH,2024-09-30,,,,2872.0,,
ENPH,2025-03-31,356084000.0,29730000.0,350077000.0,2872.0,0.08349153570505835,
ENPH,2025-06-30,363153000.0,37052000.0,370536000.0,2872.0,0.10202862154518894,0.0198520573797194
ENPH,2025-09-30,410427000.0,66638000.0,401880000.0,2872.0,0.16236261259614987,0.1301765371620227
ENPH,2025-12-31,343321000.0,38713000.0,474318000.0,2872.0,0.11276036129453194,-0.16350288845519423
ENPH,2026-03-31,282900000.0,-7406000.0,497546000.0,2872.0,-0.026178861788617887,-0.175989817109935
ENVX,2024-12-31,,,,664.0,,
ENVX,2025-03-31,5098000.0,-23510000.0,189874000.0,664.0,-4.611612397018439,
ENVX,2025-06-30,7468000.0,-44528000.0,135978000.0,664.0,-5.962506695232994,0.4648881914476266
ENVX,2025-09-30,7990000.0,-53713000.0,335502000.0,664.0,-6.72252816020025,0.06989823245848958
ENVX,2025-12-31,11265000.0,-34990000.0,106014000.0,664.0,-3.106080781180648,0.40988735919899866
ENVX,2026-03-31,7600000.0,-38260000.0,88751000.0,664.0,-5.03421052631579,-0.32534398579671553
ETSY,2024-09-30,,,,2375.0,,
ETSY,2024-12-31,,,,2375.0,,
ETSY,2025-03-31,612204000.0,-52096000.0,649191000.0,2375.0,-0.08509581773395797,
ETSY,2025-06-30,672663000.0,28840000.0,1183357000.0,2375.0,0.04287436651042201,0.09875629692063437
ETSY,2025-09-30,678026000.0,75503000.0,1248940000.0,2375.0,0.11135708660139877,0.007972788751573923
ETSY,2025-12-31,881636000.0,110735000.0,1395836000.0,2375.0,0.12560172225272107,0.30029821865238215
ETSY,2026-03-31,631277000.0,69680000.0,1214374000.0,2375.0,0.1103794372359519,-0.2839709358510769
EVER.MX,2024-09-30,,,,356.0,,
EVER.MX,2024-12-31,,,,356.0,,
EVER.MX,2025-03-31,166632000.0,7990000.0,124968000.0,356.0,0.04794997359450766,
EVER.MX,2025-06-30,156629000.0,14701000.0,148188000.0,356.0,0.09385873624935356,-0.06003048634115893
EVER.MX,2025-09-30,173940000.0,18865000.0,145766000.0,356.0,0.10845693917442796,0.11052231706772053
EVER.MX,2025-12-31,195320000.0,57755000.0,171379000.0,356.0,0.29569424534097893,0.12291594802805572
EVER.MX,2026-03-31,190852000.0,18673000.0,178492000.0,356.0,0.09784021126317775,-0.022875281589186947
EVGO,2025-03-31,75287000.0,-11362000.0,150008000.0,376.0,-0.15091582876193765,
EVGO,2025-06-30,98030000.0,-12998000.0,154468000.0,376.0,-0.13259206365398346,0.3020840251305006
EVGO,2025-09-30,92299000.0,-12385000.0,181327000.0,376.0,-0.1341834689433255,-0.05846169539936752
EVGO,2025-12-31,118470000.0,-4829000.0,151000000.0,376.0,-0.040761374187558035,0.2835458672358313
EVGO,2026-03-31,109531000.0,-16420000.0,122435000.0,376.0,-0.1499118970884955,-0.07545370135899387
EXPE,2024-09-30,,,,16000.0,,
EXPE,2024-12-31,,,,16000.0,,
EXPE,2025-03-31,2988000000.0,-200000000.0,5715000000.0,16000.0,-0.06693440428380187,
EXPE,2025-06-30,3786000000.0,330000000.0,6304000000.0,16000.0,0.08716323296354993,0.26706827309236947
EXPE,2025-09-30,4412000000.0,959000000.0,5826000000.0,16000.0,0.21736174070716227,0.16534601162176443
EXPE,2025-12-31,3547000000.0,205000000.0,5413000000.0,16000.0,0.057795319988722865,-0.19605621033544873
EXPE,2026-03-31,3426000000.0,-6000000.0,5540000000.0,16000.0,-0.0017513134851138354,-0.03411333521285598
FATE,2025-03-31,1629000.0,-37621000.0,44920000.0,161.0,-23.094536525475753,
FATE,2025-06-30,1907000.0,-34070000.0,41249000.0,161.0,-17.865757734661774,0.17065684468999387
FATE,2025-09-30,1741000.0,-32250000.0,40622000.0,161.0,-18.523836875358988,-0.08704771893025698
FATE,2025-12-31,1369000.0,-32374000.0,46628000.0,161.0,-23.64791818845873,-0.2136703044227456
FATE,2026-03-31,1299000.0,-31213000.0,39570000.0,161.0,-24.028483448806774,-0.05113221329437545
FFIV,2025-03-31,731123000.0,145530000.0,1259282000.0,6512.0,0.19904995465879202,
FFIV,2025-06-30,780370000.0,189912000.0,1426957000.0,6512.0,0.24336148237374577,0.06735802320539763
FFIV,2025-09-30,810090000.0,190493000.0,1344273000.0,6512.0,0.23515041538594478,0.038084498378974097
FFIV,2025-12-31,822465000.0,180054000.0,1199734000.0,6512.0,0.21891995404059747,0.015276080435507211
FFIV,2026-03-31,811700000.0,147755000.0,1442811000.0,6512.0,0.18203153874584205,-0.01308870286273578
FRSH,2025-03-31,196273000.0,-1304000.0,594243000.0,4500.0,-0.006643807349966628,
FRSH,2025-06-30,204678000.0,-1739000.0,485970000.0,4500.0,-0.008496272193396458,0.04282300673042139
FRSH,2025-09-30,215118000.0,-4680000.0,420934000.0,4500.0,-0.02175550163166262,0.05100694749802126
FRSH,2025-12-31,222740000.0,191446000.0,569774000.0,4500.0,0.8595043548531921,0.035431716546267644
FRSH,2026-03-31,228633000.0,-4810000.0,548168000.0,4500.0,-0.021038082866427856,0.026456855526622913
GDDY,2024-09-30,,,,5845.0,,
GDDY,2024-12-31,,,,5845.0,,
GDDY,2025-03-31,1194300000.0,219500000.0,719400000.0,5845.0,0.1837896675877083,
GDDY,2025-06-30,1217600000.0,199900000.0,1086700000.0,5845.0,0.1641754270696452,0.019509336012727196
GDDY,2025-09-30,1265300000.0,210500000.0,923700000.0,5845.0,0.16636370821149135,0.03917542706964516
GDDY,2025-12-31,1273900000.0,245100000.0,1080900000.0,5845.0,0.19240128738519507,0.006796807081324685
GDDY,2026-03-31,1266900000.0,214600000.0,1261700000.0,5845.0,0.1693898492382982,-0.005494936808226658
GDRX,2024-09-30,,,,697.0,,
GDRX,2024-12-31,,,,697.0,,
GDRX,2025-03-31,202970000.0,11052000.0,300981000.0,697.0,0.0544513967581416,
GDRX,2025-06-30,203070000.0,12843000.0,281318000.0,697.0,0.06324420150686955,0.0004926836478298391
GDRX,2025-09-30,196028000.0,1119000.0,273529000.0,697.0,0.00570836819229906,-0.034677697345742886
GDRX,2025-12-31,194785000.0,5425000.0,261820000.0,697.0,0.027851220576533102,-0.006340930887424268
GDRX,2026-03-31,194006000.0,1169000.0,235710000.0,697.0,0.006025586837520489,-0.003999281258823872
GH,2025-03-31,203471000.0,-95159000.0,698572000.0,2490.0,-0.4676784406623057,
GH,2025-06-30,232088000.0,-99899000.0,629143000.0,2490.0,-0.43043586915307985,0.14064412127526782
GH,2025-09-30,265196000.0,-92725000.0,580013000.0,2490.0,-0.3496470535000528,0.14265278687394445
GH,2025-12-31,281266000.0,-128494000.0,378203000.0,2490.0,-0.45684156634644785,0.060596690749483484
GH,2026-03-31,301665000.0,-112075000.0,989291000.0,2490.0,-0.3715213896209371,0.07252565187402671
GOCO,2024-09-30,,,,850.0,,
GOCO,2024-12-31,,,,850.0,,
GOCO,2025-03-31,220972000.0,-4408000.0,22153000.0,850.0,-0.019948228734862336,
GOCO,2025-06-30,94048000.0,-54277000.0,35590000.0,850.0,-0.5771201939435182,-0.5743895154137175
GOCO,2025-09-30,34186000.0,-165846000.0,32076000.0,850.0,-4.851284151407008,-0.6365047635250085
GOCO,2025-12-31,12639000.0,-32595000.0,32904000.0,850.0,-2.5789223830999286,-0.6302872520914995
GOCO,2026-03-31,11914000.0,-37171000.0,39879000.0,850.0,-3.1199429242907506,-0.0573621330801487
GOOG,2024-12-31,,,,194668.0,,
GOOG,2025-03-31,90234000000.0,34540000000.0,23264000000.0,194668.0,0.38278254316554733,
GOOG,2025-06-30,96428000000.0,28196000000.0,21036000000.0,194668.0,0.2924046957315303,0.06864374847618415
GOOG,2025-09-30,102346000000.0,34979000000.0,23090000000.0,194668.0,0.34177202821800556,0.06137221553905503
GOOG,2025-12-31,113829000000.0,34455000000.0,30708000000.0,194668.0,0.3026908784228975,0.11219783870400413
GOOG,2026-03-31,109896000000.0,62578000000.0,38063000000.0,194668.0,0.5694292785906675,-0.03455182774161247
GOOGL,2024-12-31,,,,194668.0,,
GOOGL,2025-03-31,90234000000.0,34540000000.0,23264000000.0,194668.0,0.38278254316554733,
GOOGL,2025-06-30,96428000000.0,28196000000.0,21036000000.0,194668.0,0.2924046957315303,0.06864374847618415
GOOGL,2025-09-30,102346000000.0,34979000000.0,23090000000.0,194668.0,0.34177202821800556,0.06137221553905503
GOOGL,2025-12-31,113829000000.0,34455000000.0,30708000000.0,194668.0,0.3026908784228975,0.11219783870400413
GOOGL,2026-03-31,109896000000.0,62578000000.0,38063000000.0,194668.0,0.5694292785906675,-0.03455182774161247
GOTO.JK,2024-09-30,,,,3505.0,,
GOTO.JK,2024-12-31,4231884000000.0,-841777000000.0,19177524000000.0,3505.0,-0.19891306094401454,
GOTO.JK,2025-03-31,4230634000000.0,-283328000000.0,19136122000000.0,3505.0,-0.06697057698680624,-0.0002953767163750287
GOTO.JK,2025-06-30,4328335000000.0,-296685000000.0,17779375000000.0,3505.0,-0.06854483305936347,0.023093701795050103
GOTO.JK,2025-12-31,5026636000000.0,-410104000000.0,21755165000000.0,3505.0,-0.08158617413315784,0.16133247542068707
GOTO.JK,2026-03-31,5341314000000.0,257943000000.0,22734727000000.0,3505.0,0.048292049484452704,0.06260210606059391
GPRO,2025-03-31,134308000.0,-46709000.0,69634000.0,636.0,-0.34777526282872206,
GPRO,2025-06-30,152643000.0,-16422000.0,58571000.0,636.0,-0.10758436351486803,0.1365145784316646
GPRO,2025-09-30,162918000.0,-21252000.0,58431000.0,636.0,-0.13044599123485434,0.06731392857844765
GPRO,2025-12-31,201673000.0,-9104000.0,49674000.0,636.0,-0.045142383958189744,0.23788040609386307
GPRO,2026-03-31,99065000.0,-80820000.0,40723000.0,636.0,-0.8158279917226063,-0.508784021658824
GRPN,2024-09-30,,,,1734.0,,
GRPN,2024-12-31,,,,1734.0,,
GRPN,2025-03-31,117187000.0,7175000.0,226814000.0,1734.0,0.06122692790155905,
GRPN,2025-06-30,125702000.0,20337000.0,262575000.0,1734.0,0.16178740195064517,0.07266164335634495
GRPN,2025-09-30,122825000.0,-118373000.0,238451000.0,1734.0,-0.9637533075513942,-0.022887464002163793
GRPN,2025-12-31,132708000.0,7340000.0,296080000.0,1734.0,0.05530940109111734,0.08046407490331764
GRPN,2026-03-31,117200000.0,-12859000.0,225514000.0,1734.0,-0.10971843003412969,-0.11685806432166868
GTLB,2024-10-31,,,,2580.0,,
GTLB,2025-01-31,211431000.0,5804000.0,227649000.0,2580.0,0.027451036035396892,
GTLB,2025-04-30,214509000.0,-35875000.0,255719000.0,2580.0,-0.1672424000857773,0.014557940888516807
GTLB,2025-07-31,235960000.0,-9208000.0,261371000.0,2580.0,-0.03902356331581624,0.10000046618090619
GTLB,2025-10-31,244353000.0,-8276000.0,224231000.0,2580.0,-0.033869033733983214,0.035569588065773816
GTLB,2026-01-31,260402000.0,-2597000.0,229576000.0,2580.0,-0.009973041681707514,0.06567957013009873
GTM,2024-09-30,,,,3180.0,,
GTM,2024-12-31,,,,3180.0,,
GTM,2025-03-31,305700000.0,26800000.0,138500000.0,3180.0,0.08766764802093556,
GTM,2025-06-30,306700000.0,24000000.0,171000000.0,3180.0,0.078252363873492,0.003271180896303516
GTM,2025-09-30,318000000.0,38700000.0,124800000.0,3180.0,0.12169811320754717,0.03684382132376918
GTM,2025-12-31,319100000.0,34700000.0,175900000.0,3180.0,0.10874334064556565,0.0034591194968554007
GTM,2026-03-31,310200000.0,29300000.0,171200000.0,3180.0,0.09445519019987104,-0.02789094327796926
HFG.DE,2025-03-31,1930700000.0,-123800000.0,519200000.0,11447.0,-0.06412182110115502,
HFG.DE,2025-06-30,1699600000.0,13300000.0,428400000.0,11447.0,0.007825370675453048,-0.11969751903454706
HFG.DE,2025-09-30,1581500000.0,-49100000.0,321300000.0,11447.0,-0.031046474865633892,-0.06948693810308304
HFG.DE,2025-12-31,1549000000.0,67100000.0,211100000.0,11447.0,0.043318269851517106,-0.02055011065444201
HFG.DE,2026-03-31,1675100000.0,-55500000.0,245500000.0,11447.0,-0.03313235030744433,0.08140735958683032
HIPO,2024-12-31,,,,540.0,,
HIPO,2025-03-31,110300000.0,-47700000.0,140900000.0,540.0,-0.43245693563009974,
HIPO,2025-06-30,117300000.0,1300000.0,198900000.0,540.0,0.011082693947144074,0.06346328195829565
HIPO,2025-09-30,120600000.0,98100000.0,247700000.0,540.0,0.8134328358208955,0.028132992327365658
HIPO,2025-12-31,120400000.0,6000000.0,218300000.0,540.0,0.04983388704318937,-0.0016583747927031434
HIPO,2026-03-31,121500000.0,7100000.0,275400000.0,540.0,0.05843621399176955,0.009136212624584639
HOOD,2024-09-30,,,,2900.0,,
HOOD,2024-12-31,,,,2900.0,,
HOOD,2025-03-31,927000000.0,336000000.0,4416000000.0,2900.0,0.36245954692556637,
HOOD,2025-06-30,989000000.0,386000000.0,4162000000.0,2900.0,0.3902932254802831,0.06688241639697945
HOOD,2025-09-30,1274000000.0,556000000.0,4331000000.0,2900.0,0.4364207221350079,0.288169868554095
HOOD,2025-12-31,1283000000.0,605000000.0,4261000000.0,2900.0,0.4715510522213562,0.007064364207221452
HOOD,2026-03-31,1067000000.0,350000000.0,5012000000.0,2900.0,0.3280224929709466,-0.1683554169914263
HUBS,2025-03-31,714137000.0,-21793000.0,625029000.0,9021.0,-0.03051655354644837,
HUBS,2025-06-30,760866000.0,-3258000.0,601196000.0,9021.0,-0.004281962921197688,0.06543422340531291
HUBS,2025-09-30,809518000.0,16536000.0,614352000.0,9021.0,0.02042697012296206,0.06394292818972058
HUBS,2025-12-31,846746000.0,54426000.0,882242000.0,9021.0,0.06427665439222624,0.04598785944228534
HUBS,2026-03-31,880995000.0,32554000.0,943937000.0,9021.0,0.03695140154030386,0.040447784813863796
IAC,2024-09-30,,,,5156.0,,
IAC,2024-12-31,,,,5156.0,,
IAC,2025-03-31,481686000.0,-216805000.0,1159225000.0,5156.0,-0.4500961207093418,
IAC,2025-06-30,586928000.0,211452000.0,1093866000.0,5156.0,0.36026906196330727,0.21848673202044488
IAC,2025-09-30,589793000.0,-21879000.0,1005496000.0,5156.0,-0.037096065907869374,0.0048813483084808595
IAC,2025-12-31,645979000.0,-76794000.0,960211000.0,5156.0,-0.11888002551166524,0.09526393158277568
IAC,2026-03-31,422893000.0,-71882000.0,1112445000.0,5156.0,-0.16997680264274886,-0.3453455917297621
IAS,2024-09-30,133528000.0,16089000.0,57085000.0,902.0,0.1204915822898568,
IAS,2024-12-31,153038000.0,15271000.0,84469000.0,902.0,0.09978567414629047,0.14611167695165062
IAS,2025-03-31,134066000.0,7993000.0,59120000.0,902.0,0.05961988871153014,-0.12396921026150365
IAS,2025-06-30,149204000.0,16408000.0,90687000.0,902.0,0.1099702420846626,0.11291453463219603
IAS,2025-09-30,154358000.0,7045000.0,129204000.0,902.0,0.04564065354565361,0.034543309830835645
IBM,2025-03-31,14541000000.0,1055000000.0,11035000000.0,264300.0,0.07255346950003438,
IBM,2025-06-30,16977000000.0,2194000000.0,11943000000.0,264300.0,0.12923366908169878,0.16752630493088505
IBM,2025-09-30,16331000000.0,1744000000.0,11569000000.0,264300.0,0.1067907660277999,-0.03805148141603343
IBM,2025-12-31,19687000000.0,5600000000.0,13587000000.0,264300.0,0.28445166861380605,0.20549874471863316
IBM,2026-03-31,15917000000.0,1216000000.0,10819000000.0,264300.0,0.07639630583652698,-0.1914969269060801
ILMN,2024-12-31,,,,8600.0,,
ILMN,2025-03-31,1041000000.0,131000000.0,1113000000.0,8600.0,0.12584053794428435,
ILMN,2025-06-30,1059000000.0,235000000.0,934000000.0,8600.0,0.2219074598677998,0.01729106628242083
ILMN,2025-09-30,1084000000.0,150000000.0,1050000000.0,8600.0,0.13837638376383765,0.023607176581680767
ILMN,2025-12-31,1159000000.0,334000000.0,1418000000.0,8600.0,0.28817946505608283,0.06918819188191883
ILMN,2026-03-31,1091000000.0,134000000.0,1089000000.0,8600.0,0.1228230980751604,-0.05867126833477132
INTC,2025-03-31,12667000000.0,-821000000.0,8947000000.0,85100.0,-0.06481408383989895,
INTC,2025-06-30,12859000000.0,-2918000000.0,9643000000.0,85100.0,-0.22692277782098141,0.015157495855372183
INTC,2025-09-30,13653000000.0,4063000000.0,11141000000.0,85100.0,0.2975902732000293,0.06174663659693591
INTC,2025-12-31,13674000000.0,-591000000.0,14265000000.0,85100.0,-0.04322071083808688,0.001538123489343013
INTC,2026-03-31,13577000000.0,-3728000000.0,17247000000.0,85100.0,-0.2745820136996391,-0.007093754570718147
ISRG,2024-09-30,,,,17021.0,,
ISRG,2025-03-31,2253400000.0,698400000.0,2573800000.0,17021.0,0.30993165882666196,
ISRG,2025-06-30,2440000000.0,658400000.0,3403100000.0,17021.0,0.2698360655737705,0.08280820094080066
ISRG,2025-09-30,2505100000.0,704400000.0,2806600000.0,17021.0,0.28118637978523814,0.02668032786885255
ISRG,2025-12-31,2866200000.0,794800000.0,3368000000.0,17021.0,0.27730095596957643,0.14414594227775335
ISRG,2026-03-31,2770800000.0,821500000.0,2006500000.0,17021.0,0.2964847697415909,-0.03328448817249319
KLTR,2024-12-31,,,,494.0,,
KLTR,2025-03-31,46984000.0,-1119000.0,31695000.0,494.0,-0.023816618423293037,
KLTR,2025-06-30,44462000.0,-7750000.0,35446000.0,494.0,-0.1743061490711169,-0.053677847777966914
KLTR,2025-09-30,43866000.0,-2628000.0,41513000.0,494.0,-0.059909725071809604,-0.013404705141469075
KLTR,2025-12-31,45542000.0,-575000.0,27521000.0,494.0,-0.012625708137543367,0.03820726758765325
KLTR,2026-03-31,44626000.0,-3769000.0,58395000.0,494.0,-0.08445749114865773,-0.020113302006938616
LAW,2025-03-31,36653000.0,-11393000.0,34533000.0,577.0,-0.3108340381414891,
LAW,2025-06-30,38106000.0,-10812000.0,21672000.0,577.0,-0.28373484490631395,0.039642048399858076
LAW,2025-09-30,40919000.0,-13665000.0,28804000.0,577.0,-0.33395244263056284,0.07382039573820398
LAW,2025-12-31,41171000.0,-8502000.0,19655000.0,577.0,-0.2065045784654247,0.006158508272440688
LAW,2026-03-31,41882000.0,-9618000.0,17647000.0,577.0,-0.22964519363927224,0.017269437225231332
LC,2025-03-31,217711000.0,11671000.0,895515000.0,1075.0,0.053607764421641536,
LC,2025-06-30,248435000.0,38178000.0,752562000.0,1075.0,0.15367399923521244,0.1411228647151499
LC,2025-09-30,266231000.0,44274000.0,827387000.0,1075.0,0.16629919130379256,0.07163241894258054
LC,2025-12-31,266471000.0,41554000.0,917654000.0,1075.0,0.1559419223855504,0.0009014727811562651
LC,2026-03-31,252251000.0,51603000.0,801943000.0,1075.0,0.20457005125846875,-0.053364155949427894
LCID,2024-09-30,,,,9000.0,,
LCID,2024-12-31,,,,9000.0,,
LCID,2025-03-31,235048000.0,-366171000.0,1854879000.0,9000.0,-1.5578562676559682,
LCID,2025-06-30,259432000.0,-539432000.0,1795719000.0,9000.0,-2.0792808905609177,0.10374051257615458
LCID,2025-09-30,336580000.0,-978428000.0,1635120000.0,9000.0,-2.9069701111177135,0.29737272194640596
LCID,2025-12-31,522730000.0,-814020000.0,997827000.0,9000.0,-1.5572475274042048,0.5530631647750905
LCID,2026-03-31,282465000.0,-1028344000.0,700356000.0,9000.0,-3.6406068008425825,-0.45963499320873114
LIDR,2024-09-30,,,,56.0,,
LIDR,2024-12-31,,,,56.0,,
LIDR,2025-03-31,64000.0,-8016000.0,5267000.0,56.0,-125.25,
LIDR,2025-06-30,22000.0,-9270000.0,2374000.0,56.0,-421.3636363636364,-0.65625
LIDR,2025-09-30,50000.0,-9330000.0,43035000.0,56.0,-186.6,1.272727272727273
LIDR,2025-12-31,97000.0,-7342000.0,43356000.0,56.0,-75.69072164948453,0.94
LIDR,2026-03-31,101000.0,-8345000.0,45162000.0,56.0,-82.62376237623762,0.04123711340206193
LMND,2025-03-31,151200000.0,-62400000.0,309200000.0,1291.0,-0.4126984126984127,
LMND,2025-06-30,164100000.0,-43900000.0,377500000.0,1291.0,-0.2675198049969531,0.08531746031746024
LMND,2025-09-30,194500000.0,-37500000.0,345900000.0,1291.0,-0.1928020565552699,0.18525289457647776
LMND,2025-12-31,228100000.0,-21700000.0,385000000.0,1291.0,-0.09513371328364752,0.17275064267352191
LMND,2026-03-31,258000000.0,-35800000.0,374300000.0,1291.0,-0.1387596899224806,0.13108285839544065
LRCX,2025-03-31,4720175000.0,1330667000.0,5450718000.0,20600.0,0.2819105223852929,
LRCX,2025-06-30,5171393000.0,1720088000.0,6390659000.0,20600.0,0.33261598954092253,0.09559348964815917
LRCX,2025-09-30,5324173000.0,1568660000.0,6693046000.0,20600.0,0.2946297950874249,0.029543297134833946
LRCX,2025-12-31,5344791000.0,1593994000.0,6180440000.0,20600.0,0.2982331769380692,0.003872526305963353
LRCX,2026-03-31,5841488000.0,1825460000.0,4750936000.0,20600.0,0.3124991440537069,0.09293104257958817
LVO0.F,2024-09-30,,,,606.0,,
LVO0.F,2024-12-31,,,,606.0,,
LVO0.F,2025-03-31,64700000.0,-14133000.0,176254000.0,606.0,-0.2184389489953632,
LVO0.F,2025-06-30,59600000.0,-15710000.0,161963000.0,606.0,-0.26359060402684564,-0.07882534775888717
LVO0.F,2025-09-30,60154000.0,8711000.0,106661000.0,606.0,0.14481165009808158,0.009295302013422768
LVO0.F,2025-12-31,59288000.0,-46101000.0,95004000.0,606.0,-0.7775772500337337,-0.01439638261794729
LVO0.F,2026-03-31,56956000.0,-8827000.0,101499000.0,606.0,-0.1549792822529672,-0.03933342328970446
LYFT,2024-09-30,,,,3913.0,,
LYFT,2024-12-31,,,,3913.0,,
LYFT,2025-03-31,1450172000.0,2567000.0,985494000.0,3913.0,0.001770134852969165,
LYFT,2025-06-30,1588183000.0,40314000.0,913845000.0,3913.0,0.025383724671527146,0.09516871102186508
LYFT,2025-09-30,1685195000.0,46074000.0,1305908000.0,3913.0,0.02734045614899166,0.061083640865064126
LYFT,2025-12-31,1592711000.0,2755053000.0,1132009000.0,3913.0,1.7297883922444184,-0.05488029575212361
LYFT,2026-03-31,1650489000.0,14250000.0,1034869000.0,3913.0,0.00863380489055062,0.036276512185826615
LZ,2025-03-31,183110000.0,5127000.0,209973000.0,1196.0,0.02799956310414505,
LZ,2025-06-30,192509000.0,-266000.0,217035000.0,1196.0,-0.0013817535803520875,0.051329801758505766
LZ,2025-09-30,190158000.0,4509000.0,237154000.0,1196.0,0.023711860663237938,-0.012212416042886254
LZ,2025-12-31,190266000.0,6057000.0,203100000.0,1196.0,0.031834379237488566,0.000567948758400938
LZ,2026-03-31,206781000.0,1104000.0,183152000.0,1196.0,0.0053389818213472225,0.08679953328498002
MAPS,2024-09-30,,,,416.0,,
MAPS,2024-12-31,,,,416.0,,
MAPS,2025-03-31,44612000.0,1647000.0,53275000.0,416.0,0.03691831794136107,
MAPS,2025-06-30,44847000.0,1427000.0,58951000.0,416.0,0.03181929671995897,0.00526764099345467
MAPS,2025-09-30,42176000.0,2460000.0,62591000.0,416.0,0.05832701062215478,-0.0595580529355364
MAPS,2025-12-31,43069000.0,-3572000.0,62401000.0,416.0,-0.08293668299705124,0.02117317905918048
MAPS,2026-03-31,43558000.0,1171000.0,45519000.0,416.0,0.026883695302814637,0.011353874016113652
MDT,2025-01-31,8292000000.0,1294000000.0,1240000000.0,95000.0,0.1560540279787747,
MDT,2025-04-30,8927000000.0,1056000000.0,2218000000.0,95000.0,0.11829281953623838,0.0765798359864931
MDT,2025-07-31,8578000000.0,1040000000.0,1273000000.0,95000.0,0.12124038237351364,-0.03909488069900302
MDT,2025-10-31,8961000000.0,1374000000.0,1282000000.0,95000.0,0.1533311014395715,0.04464910235486119
MDT,2026-01-31,9017000000.0,1143000000.0,1147000000.0,95000.0,0.1267605633802817,0.00624930253319933
META,2024-12-31,,,,77986.0,,
META,2025-03-31,42314000000.0,16644000000.0,28750000000.0,77986.0,0.39334499220116276,
META,2025-06-30,47516000000.0,18337000000.0,12005000000.0,77986.0,0.38591211381429413,0.12293803469300935
META,2025-09-30,51242000000.0,2709000000.0,10187000000.0,77986.0,0.05286678896217946,0.07841569155652839
META,2025-12-31,59893000000.0,22768000000.0,35873000000.0,77986.0,0.3801445911876179,0.16882635338199137
META,2026-03-31,56311000000.0,26773000000.0,23426000000.0,77986.0,0.47544884658414877,-0.059806655201776526
MRVL,2025-01-31,,,,7480.0,,
MRVL,2025-04-30,1895300000.0,177900000.0,885900000.0,7480.0,0.09386376826887564,
MRVL,2025-07-31,2006100000.0,194800000.0,1224400000.0,7480.0,0.09710383330840935,0.05846040204716929
MRVL,2025-10-31,2074500000.0,1901300000.0,2714500000.0,7480.0,0.9165100024102193,0.03409600717810668
MRVL,2026-01-31,2218700000.0,396100000.0,2638800000.0,7480.0,0.17852796682742147,0.06951072547601833
MRVL,2026-04-30,2417800000.0,34500000.0,3843600000.0,7480.0,0.014269170320125734,0.08973723351512142
MSFT,2025-03-31,70066000000.0,25824000000.0,28828000000.0,228000.0,0.3685667798932435,
MSFT,2025-06-30,76441000000.0,27233000000.0,30242000000.0,228000.0,0.3562616920239139,0.09098564210886884
MSFT,2025-09-30,77673000000.0,27747000000.0,28849000000.0,228000.0,0.35722838051832684,0.016117005272039853
MSFT,2025-12-31,81273000000.0,38458000000.0,24296000000.0,228000.0,0.473195280105324,0.04634815186744423
MSFT,2026-03-31,82886000000.0,31778000000.0,32105000000.0,228000.0,0.3833940593103781,0.0198466895524958
MU,2025-02-28,8053000000.0,1583000000.0,7552000000.0,53000.0,0.19657270582391656,
MU,2025-05-31,9301000000.0,1885000000.0,10163000000.0,53000.0,0.2026663799591442,0.15497330187507763
MU,2025-08-31,11315000000.0,3201000000.0,9642000000.0,53000.0,0.2828988068935042,0.2165358563595312
MU,2025-11-30,13643000000.0,5240000000.0,9731000000.0,53000.0,0.3840797478560434,0.20574458683163943
MU,2026-02-28,23860000000.0,13785000000.0,13908000000.0,53000.0,0.577745180217938,0.74888221065748
NCLH,2025-03-31,2127553000.0,-40295000.0,184359000.0,44500.0,-0.018939598684498106,
NCLH,2025-06-30,2517497000.0,29992000.0,184015000.0,44500.0,0.011913420353629021,0.1832828606384893
NCLH,2025-09-30,2938142000.0,419295000.0,166801000.0,44500.0,0.14270753421720256,0.16708858044319408
NCLH,2025-12-31,2244400000.0,14254000.0,209893000.0,44500.0,0.006350917839957227,-0.23611588548136886
NCLH,2026-03-31,2331221000.0,104666000.0,185047000.0,44500.0,0.044897502210215164,0.038683389770094445
NCNO,2025-04-30,144137000.0,5562000.0,133230000.0,1684.0,0.0385882875320008,
NCNO,2025-07-31,148815000.0,-15257000.0,122935000.0,1684.0,-0.10252326714376911,0.03245523356251345
NCNO,2025-10-31,152163000.0,6539000.0,87590000.0,1684.0,0.04297365325341903,0.0224977320834594
NCNO,2026-01-31,149666000.0,8336000.0,88374000.0,1684.0,0.055697352772172706,-0.01641003397672236
NCNO,2026-04-30,159414000.0,13641000.0,102813000.0,1684.0,0.08556964883887237,0.06513169323694101
NET,2025-03-31,479087000.0,-38454000.0,204459000.0,5483.0,-0.08026517104409012,
NET,2025-06-30,512316000.0,-50446000.0,1518608000.0,5483.0,-0.09846657141295606,0.06935900995017596
NET,2025-09-30,562027000.0,-1290000.0,1052644000.0,5483.0,-0.00229526339481911,0.09703190999305122
NET,2025-12-31,614507000.0,-12077000.0,943536000.0,5483.0,-0.019653152852611933,0.09337629686829985
NET,2026-03-31,639755000.0,-22927000.0,932226000.0,5483.0,-0.03583715641143875,0.04108659461975206
NFLX,2025-03-31,10542801000.0,2890351000.0,7199848000.0,16000.0,0.2741539938010781,
NFLX,2025-06-30,11079166000.0,3125413000.0,8177405000.0,16000.0,0.28209821930639906,0.05087499991700506
NFLX,2025-09-30,11510307000.0,2546916000.0,9287287000.0,16000.0,0.2212726385143333,0.038914571728593916
NFLX,2025-12-31,12050762000.0,2418521000.0,9033681000.0,16000.0,0.20069444571222966,0.0469540039201386
NFLX,2026-03-31,12249757000.0,5282791000.0,12259772000.0,16000.0,0.4312567996246783,0.016513063655227755
NIACL.NS,2026-03-31,125182600000.0,5779200000.0,192898900000.0,,0.04616616047278136,
NTNX,2025-01-31,654721000.0,56427000.0,1072161000.0,7800.0,0.08618480238147241,
NTNX,2025-04-30,638983000.0,63363000.0,872599000.0,7800.0,0.09916226253280604,-0.024037719883736708
NTNX,2025-07-31,653267000.0,38650000.0,769502000.0,7800.0,0.05916417023973353,0.02235427233588383
NTNX,2025-10-31,670576000.0,62096000.0,780421000.0,7800.0,0.09260098780749684,0.026496057507879645
NTNX,2026-01-31,722825000.0,103022000.0,603402000.0,7800.0,0.14252689101788124,0.07791659707475374
OLOX,2024-09-30,1753223.0,-3716105.0,256957.0,31.0,-2.119584901635445,
OLOX,2024-12-31,1044026.0,-6614621.0,375873.0,31.0,-6.335686084446173,-0.40451043592286895
OLOX,2025-03-31,566354.0,-2746668.0,230509.0,31.0,-4.849737090229786,-0.4575288354887713
OLOX,2025-06-30,721351.0,-4573870.0,2767210.0,31.0,-6.340699603937612,0.2736751219202125
OLOX,2025-09-30,1051165.0,-5315872.0,3021757.0,31.0,-5.057124238345074,0.4572170829457505
OPEN,2024-12-31,,,,1042.0,,
OPEN,2025-03-31,1153000000.0,-85000000.0,559000000.0,1042.0,-0.07372072853425846,
OPEN,2025-06-30,1567000000.0,-29000000.0,789000000.0,1042.0,-0.018506700701978303,0.3590633130962706
OPEN,2025-09-30,915000000.0,-90000000.0,962000000.0,1042.0,-0.09836065573770492,-0.41608168474792595
OPEN,2025-12-31,736000000.0,-1096000000.0,962000000.0,1042.0,-1.4891304347826086,-0.19562841530054642
OPEN,2026-03-31,720000000.0,-173000000.0,999000000.0,1042.0,-0.24027777777777778,-0.021739130434782594
ORCL,2024-11-30,,,,162000.0,,
ORCL,2025-02-28,14130000000.0,2936000000.0,17406000000.0,162000.0,0.20778485491861287,
ORCL,2025-05-31,15903000000.0,3427000000.0,10786000000.0,162000.0,0.21549393196252278,0.1254777070063695
ORCL,2025-08-31,14926000000.0,2927000000.0,10445000000.0,162000.0,0.19610076376792174,-0.061434949380619996
ORCL,2025-11-30,16058000000.0,6135000000.0,19241000000.0,162000.0,0.3820525594719143,0.07584081468578319
ORCL,2026-02-28,17190000000.0,3721000000.0,38455000000.0,162000.0,0.2164630599185573,0.07049445759123185
PAYO,2024-09-30,,,,2540.0,,
PAYO,2024-12-31,,,,2540.0,,
PAYO,2025-03-31,188645000.0,20577000.0,524150000.0,2540.0,0.10907789763842138,
PAYO,2025-06-30,202280000.0,19480000.0,497144000.0,2540.0,0.09630215542811944,0.07227861856927031
PAYO,2025-09-30,211319000.0,14123000.0,479448000.0,2540.0,0.06683260852076718,0.04468558433854053
PAYO,2025-12-31,218916000.0,19012000.0,415537000.0,2540.0,0.08684609621955454,0.03595038780232729
PAYO,2026-03-31,210058000.0,19568000.0,339365000.0,2540.0,0.09315522379533271,-0.04046300864258434
PEGA,2024-12-31,,,,5598.0,,
PEGA,2025-03-31,475633000.0,85422000.0,231129000.0,5598.0,0.1795964535681923,
PEGA,2025-06-30,384512000.0,30077000.0,201565000.0,5598.0,0.07822122586551265,-0.19157838081041478
PEGA,2025-09-30,381350000.0,43364000.0,148699000.0,5598.0,0.11371181329487348,-0.008223410452729674
PEGA,2025-12-31,504317000.0,234574000.0,212447000.0,5598.0,0.4651320498813246,0.32245181591713656
PEGA,2026-03-31,429973000.0,32764000.0,269962000.0,5598.0,0.07620013349675445,-0.14741521701628146
PI,2024-12-31,,,,457.0,,
PI,2025-03-31,74277000.0,-8451000.0,61317000.0,457.0,-0.11377680843329699,
PI,2025-06-30,97894000.0,11553000.0,42417000.0,457.0,0.11801540441702249,0.31795845281850377
PI,2025-09-30,96055000.0,-12810000.0,51726000.0,457.0,-0.13336109520587164,-0.0187856252681472
PI,2025-12-31,92849000.0,-1139000.0,48206000.0,457.0,-0.012267229587825394,-0.03337671125917441
PI,2026-03-31,74250000.0,-25261000.0,32295000.0,457.0,-0.3402154882154882,-0.20031448911673788
PINS,2025-03-31,854988000.0,8922000.0,1252310000.0,5287.0,0.010435234178725316,
PINS,2025-06-30,998227000.0,38755000.0,1216941000.0,5287.0,0.03882383465885014,0.16753334549724674
PINS,2025-09-30,1049205000.0,92108000.0,1132400000.0,5287.0,0.08778837310153878,0.051068544529450755
PINS,2025-12-31,1319347000.0,277070000.0,969342000.0,5287.0,0.21000540418858724,0.2574730391105646
PINS,2026-03-31,1007514000.0,-73587000.0,378077000.0,5287.0,-0.07303819103258119,-0.23635404484188016
PL,2025-01-31,61554000.0,-35154000.0,118048000.0,945.0,-0.5711082951554732,
PL,2025-04-30,66265000.0,-12628000.0,133471000.0,945.0,-0.19056817324379385,0.07653442505767294
PL,2025-07-31,73386000.0,-22592000.0,181087000.0,945.0,-0.30785163382661546,0.10746246132951032
PL,2025-10-31,81254000.0,-59185000.0,443349000.0,945.0,-0.7283949097890565,0.10721391001008374
PL,2026-01-31,86822000.0,-152455000.0,229441000.0,945.0,-1.7559489530303378,0.06852585718856918
PLTR,2025-03-31,883855000.0,214031000.0,993464000.0,4395.0,0.24215623603419112,
PLTR,2025-06-30,1003697000.0,326727000.0,929547000.0,4395.0,0.32552353947456253,0.135590113763004
PLTR,2025-09-30,1181092000.0,475599000.0,1615967000.0,4395.0,0.4026773528226421,0.17674158635524462
PLTR,2025-12-31,1406802000.0,608676000.0,1423796000.0,4395.0,0.43266643067041416,0.1911028099419858
PLTR,2026-03-31,1632583000.0,870527000.0,2291631000.0,4395.0,0.5332206693319728,0.1604923791692079
PTON,2025-03-31,624000000.0,-47700000.0,914300000.0,2605.0,-0.0764423076923077,
PTON,2025-06-30,606900000.0,21600000.0,1039500000.0,2605.0,0.03559070687098369,-0.027403846153846168
PTON,2025-09-30,550800000.0,13900000.0,1103600000.0,2605.0,0.02523602033405955,-0.09243697478991597
PTON,2025-12-31,656500000.0,-38800000.0,1179600000.0,2605.0,-0.059101294744859104,0.19190268700072632
PTON,2026-03-31,630900000.0,26400000.0,1126300000.0,2605.0,0.04184498335710889,-0.03899466869763901
PYPL,2025-03-31,7791000000.0,1287000000.0,7449000000.0,23800.0,0.16519060454370427,
PYPL,2025-06-30,8288000000.0,1261000000.0,6688000000.0,23800.0,0.1521476833976834,0.06379155435759198
PYPL,2025-09-30,8417000000.0,1248000000.0,8995000000.0,23800.0,0.14827135558987764,0.015564671814671804
PYPL,2025-12-31,8676000000.0,1437000000.0,8049000000.0,23800.0,0.1656293222683264,0.030771058571937848
PYPL,2026-03-31,8353000000.0,1113000000.0,6977000000.0,23800.0,0.1332455405243625,-0.03722913785154447
QCOM,2024-09-30,,,,52000.0,,
QCOM,2024-12-31,,,,52000.0,,
QCOM,2025-03-31,10979000000.0,2812000000.0,7203000000.0,52000.0,0.25612533017579014,
QCOM,2025-06-30,10365000000.0,2666000000.0,5448000000.0,52000.0,0.2572117703810902,-0.0559249476272885
QCOM,2025-09-30,11271000000.0,-3117000000.0,5520000000.0,52000.0,-0.27655043918019695,0.0874095513748192
QCOM,2025-12-31,12252000000.0,3004000000.0,7205000000.0,52000.0,0.24518445968005223,0.08703752994410441
QCOM,2026-03-31,10599000000.0,7370000000.0,5435000000.0,52000.0,0.6953486177941315,-0.1349167482859941
QTRX,2024-12-31,,,,450.0,,
QTRX,2025-03-31,30333000.0,-20504000.0,76508000.0,450.0,-0.6759634721260673,
QTRX,2025-06-30,24454000.0,-30013000.0,132896000.0,450.0,-1.2273247730432648,-0.19381531665183138
QTRX,2025-09-30,40150000.0,-33517000.0,38298000.0,450.0,-0.8347945205479452,0.6418581827103951
QTRX,2025-12-31,43777000.0,-23117000.0,29839000.0,450.0,-0.5280626813166731,0.09033623910336241
QTRX,2026-03-31,36415000.0,-17541000.0,36182000.0,450.0,-0.4816971028422353,-0.16817050049112547
RBLX,2024-12-31,,,,3065.0,,
RBLX,2025-03-31,1035000000.0,-215000000.0,1158680000.0,3065.0,-0.20772946859903382,
RBLX,2025-06-30,1080677000.0,-278375000.0,994570000.0,3065.0,-0.2575931568822136,0.044132367149758434
RBLX,2025-09-30,1359646000.0,-255626000.0,1016825000.0,3065.0,-0.1880092318147518,0.2581428123296785
RBLX,2025-12-31,1415021000.0,-316000000.0,1205319000.0,3065.0,-0.223318240506678,0.04072751289673926
RBLX,2026-03-31,1442000000.0,-246000000.0,1188000000.0,3065.0,-0.17059639389736478,0.019066148134903926
RENT,2025-01-31,76400000.0,-13400000.0,77400000.0,942.0,-0.17539267015706805,
RENT,2025-04-30,69600000.0,-26100000.0,70400000.0,942.0,-0.375,-0.08900523560209428
RENT,2025-07-31,80900000.0,-26400000.0,43600000.0,942.0,-0.3263288009888752,0.16235632183908044
RENT,2025-10-31,87600000.0,76500000.0,50700000.0,942.0,0.8732876712328768,0.08281829419035858
RENT,2026-01-31,91700000.0,-1400000.0,50400000.0,942.0,-0.015267175572519083,0.04680365296803646
RIVN,2025-03-31,1240000000.0,-545000000.0,4693000000.0,15232.0,-0.43951612903225806,
RIVN,2025-06-30,1303000000.0,-1117000000.0,4812000000.0,15232.0,-0.8572524942440521,0.0508064516129032
RIVN,2025-09-30,1558000000.0,-1173000000.0,4441000000.0,15232.0,-0.7528883183568678,0.1957022256331542
RIVN,2025-12-31,1286000000.0,-811000000.0,3579000000.0,15232.0,-0.6306376360808709,-0.1745827984595636
RIVN,2026-03-31,1381000000.0,-416000000.0,2845000000.0,15232.0,-0.30123099203475745,0.0738724727838258
RNG,2025-03-31,612056000.0,-10328000.0,154436000.0,7378.0,-0.016874272942345146,
RNG,2025-06-30,620398000.0,13193000.0,168113000.0,7378.0,0.02126538125525872,0.013629471813036753
RNG,2025-09-30,638655000.0,17559000.0,145371000.0,7378.0,0.027493717265190128,0.029427883390984455
RNG,2025-12-31,644033000.0,22967000.0,132564000.0,7378.0,0.03566121611780763,0.008420821883489582
RNG,2026-03-31,644199000.0,30618000.0,116578000.0,7378.0,0.04752879156906484,0.00025775076742950986
ROKU,2025-03-31,1020672000.0,-27431000.0,2256153000.0,3600.0,-0.02687543108853775,
ROKU,2025-06-30,1111038000.0,10503000.0,2253276000.0,3600.0,0.009453322028589482,0.08853578818660646
ROKU,2025-09-30,1210638000.0,24812000.0,1575491000.0,3600.0,0.020494978680662593,0.08964589870013451
ROKU,2025-12-31,1394903000.0,80477000.0,1587068000.0,3600.0,0.05769361740565473,0.1522048704897747
ROKU,2026-03-31,1248879000.0,85700000.0,1649877000.0,3600.0,0.06862153979688985,-0.10468398161019077
ROOT,2025-03-31,349400000.0,18400000.0,609400000.0,1256.0,0.05266170578133944,
ROOT,2025-06-30,382900000.0,22000000.0,641400000.0,1256.0,0.057456254896839906,0.09587864911276478
ROOT,2025-09-30,387800000.0,-5400000.0,653300000.0,1256.0,-0.013924703455389376,0.01279707495429605
ROOT,2025-12-31,397000000.0,5300000.0,669300000.0,1256.0,0.013350125944584382,0.02372356884992266
ROOT,2026-03-31,393500000.0,35900000.0,597200000.0,1256.0,0.09123252858958068,-0.008816120906801062
RPD,2024-09-30,,,,2613.0,,
RPD,2024-12-31,,,,2613.0,,
RPD,2025-03-31,210253000.0,2105000.0,291462000.0,2613.0,0.010011747751518408,
RPD,2025-06-30,214193000.0,8338000.0,261327000.0,2613.0,0.03892750930235815,0.018739328333008398
RPD,2025-09-30,217960000.0,9809000.0,130613000.0,2613.0,0.04500367039823821,0.01758694261717242
RPD,2025-12-31,217388000.0,3129000.0,246664000.0,2613.0,0.014393618783005501,-0.002624334740319312
RPD,2026-03-31,209691000.0,1130000.0,343291000.0,2613.0,0.005388881735506054,-0.03540673818242035
RSKD,2024-09-30,,,,655.0,,
RSKD,2025-03-31,82387000.0,-13886000.0,286858000.0,655.0,-0.16854600847221043,
RSKD,2025-06-30,81060000.0,-11633000.0,265032000.0,655.0,-0.1435109795213422,-0.01610691007076359
RSKD,2025-09-30,81862000.0,-7806000.0,228845000.0,655.0,-0.0953555984461655,0.009893905748828091
RSKD,2025-12-31,99329000.0,5760000.0,162152000.0,655.0,0.057989106907348306,0.21337128337934574
RSKD,2026-03-31,88268000.0,-4427000.0,139866000.0,655.0,-0.05015407622241356,-0.11135720685801731
RXT,2024-12-31,,,,5000.0,,
RXT,2025-03-31,665400000.0,-71500000.0,128000000.0,5000.0,-0.1074541629095281,
RXT,2025-06-30,666300000.0,-54500000.0,103900000.0,5000.0,-0.08179498724298365,0.0013525698827772104
RXT,2025-09-30,671200000.0,-67100000.0,99500000.0,5000.0,-0.09997020262216925,0.007354044724598552
RXT,2025-12-31,682800000.0,-32700000.0,105800000.0,5000.0,-0.04789103690685413,0.01728247914183556
RXT,2026-03-31,678100000.0,8300000.0,93600000.0,5000.0,0.012240082583689721,-0.006883421206795526
SABR,2024-12-31,,,,4650.0,,
SABR,2025-03-31,702126000.0,35335000.0,651144000.0,4650.0,0.05032572501231972,
SABR,2025-06-30,687149000.0,-256364000.0,426118000.0,4650.0,-0.37308356702840284,-0.021330929206438753
SABR,2025-09-30,715183000.0,848744000.0,661722000.0,4650.0,1.1867508036404668,0.04079755627964232
SABR,2025-12-31,666525000.0,-103099000.0,791555000.0,4650.0,-0.1546813697910806,-0.06803573351156278
SABR,2026-03-31,760326000.0,8116000.0,643575000.0,4650.0,0.010674368626089335,0.1407314054236526
SBIG,2024-09-30,,,,56.0,,
SBIG,2024-12-31,,,,56.0,,
SBIG,2025-03-31,5516000.0,-751000.0,1087000.0,56.0,-0.13614938361131254,
SBIG,2025-06-30,5837000.0,-1141000.0,1383000.0,56.0,-0.19547712866198388,0.05819434372733867
SBIG,2025-09-30,5871000.0,219000.0,1532000.0,56.0,0.03730199284619315,0.005824910056535959
SBIG,2025-12-31,5613000.0,-1574000.0,1500000.0,56.0,-0.28042045252093356,-0.04394481349003576
SBIG,2026-03-31,5444000.0,-494000.0,1271000.0,56.0,-0.09074210139603232,-0.030108676287190494
SFIX,2025-01-31,312110000.0,-6529000.0,113205000.0,4165.0,-0.020918906795681008,
SFIX,2025-04-30,325016000.0,-7378000.0,108915000.0,4165.0,-0.022700420902355575,0.04135080580564554
SFIX,2025-07-31,311227000.0,-8576000.0,113952000.0,4165.0,-0.02755544988063375,-0.04242560366258896
SFIX,2025-10-31,342127000.0,-6362000.0,114494000.0,4165.0,-0.01859543385935632,0.09928444511562295
SFIX,2026-01-31,341297000.0,-2654000.0,118782000.0,4165.0,-0.007776218366994143,-0.002425999701865078
SIRI,2024-09-30,,,,5119.0,,
SIRI,2024-12-31,,,,5119.0,,
SIRI,2025-03-31,2068000000.0,204000000.0,127000000.0,5119.0,0.09864603481624758,
SIRI,2025-06-30,2138000000.0,205000000.0,92000000.0,5119.0,0.09588400374181479,0.03384912959381037
SIRI,2025-09-30,2159000000.0,297000000.0,79000000.0,5119.0,0.13756368689207968,0.009822263797941932
SIRI,2025-12-31,2193000000.0,99000000.0,94000000.0,5119.0,0.04514363885088919,0.015748031496062964
SIRI,2026-03-31,2091000000.0,245000000.0,75000000.0,5119.0,0.117168818747011,-0.046511627906976716
SKLZ,2024-09-30,,,,370.0,,
SKLZ,2024-12-31,,,,370.0,,
SKLZ,2025-03-31,21897000.0,-17142000.0,254341000.0,370.0,-0.7828469653377175,
SKLZ,2025-06-30,25214000.0,-17922000.0,228657000.0,370.0,-0.7107955897517252,0.1514819381650454
SKLZ,2025-09-30,27374000.0,-17442000.0,211801000.0,370.0,-0.637173960692628,0.08566669310700403
SKLZ,2025-12-31,30011000.0,-17902000.0,194513000.0,370.0,-0.5965146113091866,0.09633228611090816
SKLZ,2026-03-31,29105000.0,-10945000.0,185401000.0,370.0,-0.3760522247036592,-0.03018893072540063
SMR,2024-09-30,,,,428.0,,
SMR,2024-12-31,,,,428.0,,
SMR,2025-03-31,13375000.0,-14005000.0,491422000.0,428.0,-1.0471028037383177,
SMR,2025-06-30,8054000.0,-17641000.0,297695000.0,428.0,-2.1903402036255275,-0.39783177570093453
SMR,2025-09-30,8242000.0,-273319000.0,407585000.0,428.0,-33.16173258917738,0.02334243853985596
SMR,2025-12-31,1808000.0,-50829000.0,836417000.0,428.0,-28.113384955752213,-0.7806357680174715
SMR,2026-03-31,565000.0,-44015000.0,341129000.0,428.0,-77.90265486725664,-0.6875
SMWB,2024-09-30,,,,1000.0,,
SMWB,2025-03-31,67087000.0,-9259000.0,59567000.0,1000.0,-0.13801481658145393,
SMWB,2025-06-30,70966000.0,-11849000.0,59341000.0,1000.0,-0.16696728010596623,0.05782044211248083
SMWB,2025-09-30,71789000.0,-4331000.0,65464000.0,1000.0,-0.06032957695468665,0.011597102837978657
SMWB,2025-12-31,72758000.0,-7497000.0,72421000.0,1000.0,-0.10304021550894747,0.013497889648832029
SMWB,2026-03-31,73878000.0,-6358000.0,65257000.0,1000.0,-0.08606080294539646,0.015393496247835259
SNAP,2025-03-31,1363217000.0,-139587000.0,911227000.0,5381.0,-0.10239528996484053,
SNAP,2025-06-30,1344930000.0,-262570000.0,925973000.0,5381.0,-0.19522949149769878,-0.013414592100890799
SNAP,2025-09-30,1506839000.0,-103541000.0,953317000.0,5381.0,-0.06871404310613144,0.12038470403664125
SNAP,2025-12-31,1716461000.0,45209000.0,1030435000.0,5381.0,0.026338495310991628,0.13911373411492534
SNAP,2026-03-31,1528791000.0,-88951000.0,1061924000.0,5381.0,-0.058183885174624916,-0.10933542911840122
SNPS,2025-04-30,1604266000.0,345332000.0,14119095000.0,28000.0,0.21525856684614647,
SNPS,2025-07-31,1739737000.0,242509000.0,2526475000.0,28000.0,0.13939405783747774,0.08444422558353781
SNPS,2025-10-31,2254860000.0,448696000.0,2888030000.0,28000.0,0.19899062469510304,0.29609245535388395
SNPS,2026-01-31,2408798000.0,64958000.0,2129572000.0,28000.0,0.02696697689054873,0.06826942692672722
SNPS,2026-04-30,2275985000.0,17105000.0,2412472000.0,28000.0,0.007515427386384357,-0.05513662831005339
SONO,2025-03-31,259756000.0,-70144000.0,173158000.0,1404.0,-0.27003803569503687,
SONO,2025-06-30,344764000.0,-3379000.0,201273000.0,1404.0,-0.009800907287303779,0.32726096798534
SONO,2025-09-30,287900000.0,-37858000.0,174668000.0,1404.0,-0.13149704758596734,-0.16493601420101867
SONO,2025-12-31,545662000.0,93798000.0,312504000.0,1404.0,0.17189762160458305,0.8953178186870441
SONO,2026-03-31,281526000.0,-28886000.0,200156000.0,1404.0,-0.10260508798476872,-0.4840652271919247
SOUN,2024-12-31,,,,954.0,,
SOUN,2025-03-31,29129000.0,129932000.0,245809000.0,954.0,4.460571938617872,
SOUN,2025-06-30,42683000.0,-74724000.0,230340000.0,954.0,-1.7506735702738796,0.4653094853925641
SOUN,2025-09-30,42049000.0,-109271000.0,268936000.0,954.0,-2.5986587076981618,-0.01485368882224769
SOUN,2025-12-31,55059000.0,40057000.0,248490000.0,954.0,0.7275286510833833,0.30940093700206894
SOUN,2026-03-31,44195000.0,-25028000.0,215642000.0,954.0,-0.5663084059282725,-0.1973156068944224
STUB,2024-12-31,,,,900.0,,
STUB,2025-03-31,397607000.0,-22183000.0,1150071000.0,900.0,-0.055791271280435206,
STUB,2025-06-30,430295000.0,-53829000.0,1242010000.0,900.0,-0.12509789795372941,0.08221183228665496
STUB,2025-09-30,468113000.0,-1294609000.0,1392458000.0,900.0,-2.7655907868399296,0.08788854158193793
STUB,2025-12-31,449173000.0,-535313000.0,1241587000.0,900.0,-1.1917746614333453,-0.04046031620570245
STUB,2026-03-31,446045000.0,48045000.0,1526237000.0,900.0,0.10771334730800704,-0.00696390922873813
STX,2025-03-31,2160000000.0,340000000.0,814000000.0,30000.0,0.1574074074074074,
STX,2025-06-30,2444000000.0,488000000.0,891000000.0,30000.0,0.19967266775777415,0.13148148148148153
STX,2025-09-30,2629000000.0,549000000.0,1112000000.0,30000.0,0.20882464815519208,0.07569558101472995
STX,2025-12-31,2825000000.0,593000000.0,1046000000.0,30000.0,0.20991150442477877,0.07455306200076084
STX,2026-03-31,3112000000.0,748000000.0,1146000000.0,30000.0,0.2403598971722365,0.10159292035398226
T77.F,2024-09-30,,,,919.0,,
T77.F,2024-12-31,,,,919.0,,
T77.F,2025-03-31,239728000.0,-12375000.0,126390000.0,919.0,-0.051621003804311553,
T77.F,2025-06-30,250116000.0,8862000.0,149131000.0,919.0,0.03543155975627309,0.04333244343589393
T77.F,2025-09-30,307792000.0,10165000.0,68578000.0,919.0,0.033025549721890105,0.23059700299061237
T77.F,2025-12-31,319688000.0,144656000.0,81073000.0,919.0,0.4524911788994269,0.03864947756926762
T77.F,2026-03-31,327267000.0,17266000.0,85518000.0,919.0,0.052758145489768295,0.023707489802557546
TBLA,2024-12-31,,,,2000.0,,
TBLA,2025-03-31,427493000.0,-8750000.0,216223000.0,2000.0,-0.020468171408654645,
TBLA,2025-06-30,465474000.0,-4345000.0,115241000.0,2000.0,-0.009334570781611862,0.08884589923109854
TBLA,2025-09-30,496764000.0,5244000.0,115475000.0,2000.0,0.010556320506316883,0.06722179971384001
TBLA,2025-12-31,522309000.0,50135000.0,120865000.0,2000.0,0.09598724126905721,0.05142280841606883
TBLA,2026-03-31,466395000.0,59066000.0,150275000.0,2000.0,0.1266437247397592,-0.10705157291947875
TDOC,2025-03-31,629369000.0,-93012000.0,1193332000.0,4648.0,-0.1477861159351668,
TDOC,2025-06-30,631900000.0,-32660000.0,679621000.0,4648.0,-0.051685393258426963,0.004021488188963973
TDOC,2025-09-30,626439000.0,-49507000.0,726249000.0,4648.0,-0.0790292430707539,-0.00864219021997148
TDOC,2025-12-31,642269000.0,-25143000.0,781084000.0,4648.0,-0.0391471486246417,0.025269818769265706
TDOC,2026-03-31,613845000.0,-63837000.0,750738000.0,4648.0,-0.10399530826185764,-0.044255600067884315
TIPH.BK,2024-09-30,,,,,,
TIPH.BK,2024-12-31,,,,,,
TIPH.BK,2025-03-31,8482197149.0,285227083.0,1579032167.0,,0.03362655665621101,
TIPH.BK,2025-06-30,6835995467.0,258942611.0,1683961666.0,,0.037879283602515,-0.19407727185332835
TIPH.BK,2025-09-30,7493935448.0,150167041.0,1243259187.0,,0.02003847538346183,0.09624640393284811
TIPH.BK,2025-12-31,12213643847.0,309243527.0,2361527745.0,,0.025319514051161607,0.6298037168520858
TIPH.BK,2026-03-31,8130123039.0,352926837.0,1264241050.0,,0.04340977809401145,-0.3343409108005898
TOST,2024-09-30,,,,6500.0,,
TOST,2024-12-31,,,,6500.0,,
TOST,2025-03-31,1337000000.0,56000000.0,1005000000.0,6500.0,0.041884816753926704,
TOST,2025-06-30,1550000000.0,80000000.0,1194000000.0,6500.0,0.05161290322580645,0.1593118922961856
TOST,2025-09-30,1633000000.0,105000000.0,1357000000.0,6500.0,0.06429883649724434,0.05354838709677412
TOST,2025-12-31,1633000000.0,101000000.0,1353000000.0,6500.0,0.06184935701163503,0.0
TOST,2026-03-31,1630000000.0,126000000.0,1098000000.0,6500.0,0.07730061349693251,-0.001837109614207022
TRIP,2024-12-31,,,,2555.0,,
TRIP,2025-03-31,398200000.0,-11000000.0,1154000000.0,2555.0,-0.027624309392265192,
TRIP,2025-06-30,529000000.0,36000000.0,1212000000.0,2555.0,0.06805293005671077,0.32847815168257166
TRIP,2025-09-30,553000000.0,53000000.0,1218000000.0,2555.0,0.09584086799276673,0.04536862003780717
TRIP,2025-12-31,411000000.0,-38000000.0,1035000000.0,2555.0,-0.09245742092457421,-0.25678119349005424
TRIP,2026-03-31,382400000.0,-32400000.0,1120400000.0,2555.0,-0.08472803347280335,-0.0695863746958637
TSLA,2024-09-30,,,,134785.0,,
TSLA,2024-12-31,,,,134785.0,,
TSLA,2025-03-31,19335000000.0,409000000.0,16352000000.0,134785.0,0.021153348849237134,
TSLA,2025-06-30,22496000000.0,1172000000.0,15587000000.0,134785.0,0.05209815078236131,0.16348590638738036
TSLA,2025-09-30,28095000000.0,1373000000.0,18289000000.0,134785.0,0.04886990567716676,0.2488886913229018
TSLA,2025-12-31,24901000000.0,840000000.0,16513000000.0,134785.0,0.033733584996586484,-0.11368570920092547
TSLA,2026-03-31,22387000000.0,477000000.0,16603000000.0,134785.0,0.02130700853173717,-0.10095980081121236
TTWO,2024-09-30,,,,12909.0,,
TTWO,2024-12-31,,,,12909.0,,
TTWO,2025-03-31,1582500000.0,-3726200000.0,1456100000.0,12909.0,-2.3546287519747233,
TTWO,2025-06-30,1503800000.0,-11900000.0,2025000000.0,12909.0,-0.007913286341268786,-0.04973143759873622
TTWO,2025-09-30,1773800000.0,-133900000.0,1869100000.0,12909.0,-0.07548765362498591,0.1795451522808884
TTWO,2025-12-31,1699000000.0,-92900000.0,2160000000.0,12909.0,-0.054679223072395526,-0.04216935392941712
TTWO,2026-03-31,1679800000.0,-59500000.0,1545500000.0,12909.0,-0.03542088343850459,-0.011300765155974113
TWLO,2024-09-30,,,,5558.0,,
TWLO,2024-12-31,,,,5558.0,,
TWLO,2025-03-31,1172463000.0,20017000.0,467094000.0,5558.0,0.01707260698205402,
TWLO,2025-06-30,1228425000.0,22423000.0,969229000.0,5558.0,0.018253454626859598,0.04773029084926339
TWLO,2025-09-30,1300402000.0,37248000.0,734843000.0,5558.0,0.02864345025615156,0.05859291369029451
TWLO,2025-12-31,1365930000.0,-45854000.0,682335000.0,5558.0,-0.03356980225926658,0.050390571530957384
TWLO,2026-03-31,1406907000.0,90139000.0,541976000.0,5558.0,0.06406891144901547,0.029999341108255972
TWST,2025-03-31,92793000.0,-39328000.0,210437000.0,979.0,-0.42382507301197286,
TWST,2025-06-30,96057000.0,20390000.0,201373000.0,979.0,0.2122697981406873,0.03517506708480167
TWST,2025-09-30,99009000.0,-27138000.0,183049000.0,979.0,-0.2740962942762779,0.030731753021643327
TWST,2025-12-31,103698000.0,-30507000.0,148591000.0,979.0,-0.29419082335242724,0.04735933096991185
TWST,2026-03-31,110715000.0,-44021000.0,122670000.0,979.0,-0.39760646705505126,0.06766765029219468
TXG,2024-12-31,,,,1178.0,,
TXG,2025-03-31,154883000.0,-34358000.0,377061000.0,1178.0,-0.22183196348211232,
TXG,2025-06-30,172908000.0,34538000.0,397712000.0,1178.0,0.19974784278344554,0.1163781693278152
TXG,2025-09-30,149002000.0,-27472000.0,432508000.0,1178.0,-0.1843733641159179,-0.13825849584750272
TXG,2025-12-31,166030000.0,-16252000.0,473966000.0,1178.0,-0.09788592423056074,0.11428034523026542
TXG,2026-03-31,150843000.0,-13470000.0,490285000.0,1178.0,-0.08929814442831288,-0.09147142082756132
U,2025-03-31,435000000.0,-77642000.0,1541170000.0,4412.0,-0.17848735632183907,
U,2025-06-30,440944000.0,-108798000.0,1691045000.0,4412.0,-0.24673881490620125,0.013664367816091927
U,2025-09-30,470615000.0,-126362000.0,1898558000.0,4412.0,-0.2685039788362037,0.06728972386516197
U,2025-12-31,503089000.0,-89963000.0,2055840000.0,4412.0,-0.17882124236467106,0.06900332543586574
U,2026-03-31,508238000.0,-347610000.0,2140861000.0,4412.0,-0.6839512197041544,0.010234769593451709
UBER,2025-03-31,11533000000.0,1776000000.0,5132000000.0,35000.0,0.15399288996791816,
UBER,2025-06-30,12651000000.0,1355000000.0,6438000000.0,35000.0,0.10710615761599873,0.09693921789647097
UBER,2025-09-30,13467000000.0,6626000000.0,8432000000.0,35000.0,0.492017524318705,0.06450082997391515
UBER,2025-12-31,14366000000.0,296000000.0,7105000000.0,35000.0,0.02060420437143255,0.06675577337194616
UBER,2026-03-31,13203000000.0,263000000.0,5558000000.0,35000.0,0.019919715216238733,-0.08095503271613536
UPST,2024-09-30,,,,1405.0,,
UPST,2024-12-31,,,,1405.0,,
UPST,2025-03-31,213371000.0,-2447000.0,605365000.0,1405.0,-0.011468287630465247,
UPST,2025-06-30,257291000.0,5607000.0,400556000.0,1405.0,0.021792445130222198,0.20583865661219192
UPST,2025-09-30,277105000.0,31805000.0,494887000.0,1405.0,0.11477598744158352,0.07701007808279337
UPST,2025-12-31,276218000.0,18636000.0,657445000.0,1405.0,0.06746844883389207,-0.0032009527074574606
UPST,2026-03-31,308214000.0,-6646000.0,474554000.0,1405.0,-0.02156294003517037,0.11583604254610491
UPWK,2025-03-31,192706000.0,37730000.0,304449000.0,630.0,0.1957904787603915,
UPWK,2025-06-30,194939000.0,32726000.0,291070000.0,630.0,0.16787815675672904,0.011587599763370093
UPWK,2025-09-30,201730000.0,29335000.0,260838000.0,630.0,0.14541714172408665,0.034836538609513745
UPWK,2025-12-31,198409000.0,15634000.0,294356000.0,630.0,0.07879682877288832,-0.016462598522777983
UPWK,2026-03-31,195483000.0,31461000.0,328400000.0,630.0,0.16093982596952164,-0.014747314889949514
VRM,2025-03-31,0.0,-6351000.0,14565000.0,649.0,-inf,
VRM,2025-06-30,0.0,-8519000.0,14262000.0,649.0,-inf,
VRM,2025-09-30,0.0,-26776000.0,12412000.0,649.0,-inf,
VRM,2025-12-31,6914000.0,-11403000.0,10384000.0,649.0,-1.64926236621348,inf
VRM,2026-03-31,0.0,-19058000.0,14478000.0,649.0,-inf,-1.0
VRNS,2025-03-31,136423000.0,-35783000.0,153107000.0,2658.0,-0.26229448113587883,
VRNS,2025-06-30,152163000.0,-35824000.0,199231000.0,2658.0,-0.2354317409619947,0.11537643945668985
VRNS,2025-09-30,161577000.0,-29942000.0,157354000.0,2658.0,-0.1853110281785155,0.061867865381203035
VRNS,2025-12-31,173369000.0,-27775000.0,202482000.0,2658.0,-0.16020741885804268,0.07298068413202374
VRNS,2026-03-31,173126000.0,-36854000.0,179339000.0,2658.0,-0.21287386065640054,-0.0014016346636365196
VSAT,2025-03-31,1147082000.0,-246053000.0,1612105000.0,7000.0,-0.21450340952085378,
VSAT,2025-06-30,1171054000.0,-56434000.0,1177492000.0,7000.0,-0.04819077514785825,0.020898244414959022
VSAT,2025-09-30,1140893000.0,-61444000.0,1230074000.0,7000.0,-0.05385605836831324,-0.025755430577923843
VSAT,2025-12-31,1157045000.0,24968000.0,1346136000.0,7000.0,0.02157910885056329,0.01415733114323614
VSAT,2026-03-31,1171288000.0,58824000.0,1746835000.0,7000.0,0.05022163635245985,0.012309806446594518
W,2025-03-31,2730000000.0,-113000000.0,1338000000.0,11800.0,-0.04139194139194139,
W,2025-06-30,3273000000.0,15000000.0,1326000000.0,11800.0,0.00458295142071494,0.19890109890109886
W,2025-09-30,3117000000.0,-99000000.0,1171000000.0,11800.0,-0.03176130895091434,-0.04766269477543539
W,2025-12-31,3337000000.0,-116000000.0,1476000000.0,11800.0,-0.03476176206173209,0.07058068655758731
W,2026-03-31,2931000000.0,-105000000.0,1004000000.0,11800.0,-0.03582395087001024,-0.12166616721606238
WDAY,2025-01-31,,,,20834.0,,
WDAY,2025-04-30,2240000000.0,68000000.0,972000000.0,20834.0,0.030357142857142857,
WDAY,2025-07-31,2348000000.0,228000000.0,1264000000.0,20834.0,0.09710391822827939,0.048214285714285765
WDAY,2025-10-31,2432000000.0,252000000.0,2609000000.0,20834.0,0.10361842105263158,0.035775127768313375
WDAY,2026-01-31,2532000000.0,145000000.0,1501000000.0,20834.0,0.057266982622432856,0.04111842105263164
WDAY,2026-04-30,2542000000.0,222000000.0,559000000.0,20834.0,0.08733280881195908,0.003949447077409074
WDC,2024-09-30,,,,40000.0,,
WDC,2024-12-31,,,,40000.0,,
WDC,2025-03-31,2294000000.0,524000000.0,3477000000.0,40000.0,0.22842197035745423,
WDC,2025-06-30,2605000000.0,257000000.0,2114000000.0,40000.0,0.09865642994241842,0.13557105492589372
WDC,2025-09-30,2818000000.0,1182000000.0,2048000000.0,40000.0,0.41944641589779985,0.08176583493282141
WDC,2025-12-31,3017000000.0,1842000000.0,1975000000.0,40000.0,0.610540271793172,0.07061745919091544
WDC,2026-03-31,3337000000.0,3205000000.0,2050000000.0,40000.0,0.9604435121366497,0.10606562810739151
WEWORK.BO,2026-03-31,6960630000.0,655510000.0,626460000.0,,0.09417394689848477,
WRBY,2025-03-31,223782000.0,3472000.0,265074000.0,2275.0,0.01551509951649373,
WRBY,2025-06-30,214475000.0,-1752000.0,286384000.0,2275.0,-0.00816878424058748,-0.04158958271889612
WRBY,2025-09-30,221680000.0,5874000.0,280360000.0,2275.0,0.0264976542764345,0.03359365893460775
WRBY,2025-12-31,211968000.0,-5953000.0,286358000.0,2275.0,-0.028084427838164252,-0.04381089859256582
WRBY,2026-03-31,242447000.0,3177000.0,288246000.0,2275.0,0.013103894871868903,0.14379057216183577
XRX,2024-12-31,,,,22900.0,,
XRX,2025-03-31,1457000000.0,-90000000.0,336000000.0,22900.0,-0.06177076183939602,
XRX,2025-06-30,1576000000.0,-106000000.0,449000000.0,22900.0,-0.06725888324873096,0.08167467398764594
XRX,2025-09-30,1961000000.0,-760000000.0,479000000.0,22900.0,-0.3875573686894442,0.24428934010152292
XRX,2025-12-31,2028000000.0,-73000000.0,512000000.0,22900.0,-0.03599605522682446,0.03416624171341143
XRX,2026-03-31,1846000000.0,-105000000.0,585000000.0,22900.0,-0.056879739978331526,-0.08974358974358976
XYZ,2024-12-31,,,,10205.0,,
XYZ,2025-03-31,5771796000.0,189872000.0,12337561000.0,10205.0,0.0328965195582103,
XYZ,2025-06-30,6054457000.0,538458000.0,11322038000.0,10205.0,0.08893580382187866,0.04897279806840027
XYZ,2025-09-30,6114952000.0,461544000.0,13139650000.0,10205.0,0.07547794324468941,0.009991812643148634
XYZ,2025-12-31,6252478000.0,115762000.0,11335916000.0,10205.0,0.01851457933958344,0.022490119301018296
XYZ,2026-03-31,6056847000.0,-308681000.0,12799537000.0,10205.0,-0.050963975150767386,-0.03128855471382708
YELP,2024-12-31,,,,5168.0,,
YELP,2025-03-31,358534000.0,24391000.0,222028000.0,5168.0,0.06802981028298571,
YELP,2025-06-30,370394000.0,44089000.0,197687000.0,5168.0,0.11903270571337549,0.03307915009455176
YELP,2025-09-30,376038000.0,39324000.0,231071000.0,5168.0,0.10457453767970258,0.01523782782658456
YELP,2025-12-31,359989000.0,37796000.0,216062000.0,5168.0,0.10499209698074108,-0.04267919731516501
YELP,2026-03-31,361457000.0,17735000.0,110412000.0,5168.0,0.04906531067319211,0.004077902380350551
Z,2024-09-30,,,,7058.0,,
Z,2024-12-31,,,,7058.0,,
Z,2025-03-31,598000000.0,8000000.0,914000000.0,7058.0,0.013377926421404682,
Z,2025-06-30,655000000.0,2000000.0,587000000.0,7058.0,0.0030534351145038168,0.09531772575250841
Z,2025-09-30,676000000.0,10000000.0,874000000.0,7058.0,0.014792899408284023,0.032061068702289974
Z,2025-12-31,654000000.0,3000000.0,768000000.0,7058.0,0.0045871559633027525,-0.03254437869822491
Z,2026-03-31,708000000.0,46000000.0,678000000.0,7058.0,0.06497175141242938,0.08256880733944949
ZBRA,2024-12-31,,,,10700.0,,
ZBRA,2025-03-31,1308000000.0,136000000.0,879000000.0,10700.0,0.10397553516819572,
ZBRA,2025-06-30,1293000000.0,112000000.0,872000000.0,10700.0,0.08662026295436968,-0.011467889908256867
ZBRA,2025-09-30,1320000000.0,101000000.0,1053000000.0,10700.0,0.07651515151515151,0.02088167053364276
ZBRA,2025-12-31,1475000000.0,70000000.0,125000000.0,10700.0,0.04745762711864407,0.11742424242424243
ZBRA,2026-03-31,1495000000.0,135000000.0,114000000.0,10700.0,0.0903010033444816,0.013559322033898313
ZIP,2025-03-31,110065000.0,-12831000.0,221077000.0,800.0,-0.11657656839140508,
ZIP,2025-06-30,112232000.0,-9506000.0,203456000.0,800.0,-0.08469955093021599,0.01968836596556578
ZIP,2025-09-30,114982000.0,-9822000.0,211809000.0,800.0,-0.08542206606251414,0.02450281559626477
ZIP,2025-12-31,111673000.0,-835000.0,188028000.0,800.0,-0.007477187860986989,-0.028778417491433395
ZIP,2026-03-31,107547000.0,-4738000.0,250976000.0,800.0,-0.0440551572800729,-0.03694715822087702
ZM,2025-04-30,1174715000.0,254603000.0,1228847000.0,7438.0,0.2167359742575859,
ZM,2025-07-31,1217227000.0,358592000.0,1198576000.0,7438.0,0.2945974744234231,0.03618920333868214
ZM,2025-10-31,1229835000.0,612873000.0,1215877000.0,7438.0,0.49833758187073873,0.010357969384510834
ZM,2026-01-31,1246992000.0,674080000.0,1272877000.0,7438.0,0.540564815171228,0.013950651916720513
ZM,2026-04-30,1239006000.0,425677000.0,890938000.0,7438.0,0.34356330800657947,-0.006404211093575585
ZS,2025-01-31,,,,7923.0,,
ZS,2025-04-30,678034000.0,-4125000.0,1990890000.0,7923.0,-0.006083765710864057,
ZS,2025-07-31,719226000.0,-17578000.0,2389023000.0,7923.0,-0.02444016206310673,0.060752115675615004
ZS,2025-10-31,788112000.0,-11615000.0,1338195000.0,7923.0,-0.014737753009724507,0.09577796130840643
ZS,2026-01-31,815751000.0,-34312000.0,1202751000.0,7923.0,-0.04206185465908102,0.035069888543760364
ZS,2026-04-30,850475000.0,-13883000.0,982112000.0,7923.0,-0.016323819042299893,0.04256691073624186
